,玩家名称,玩家编号,总突击伤害,泰坦编号,泰坦名称,泰坦伤害,头部(装甲),身体(装甲),左臂(装甲),右臂(装甲),左手(装甲),右手(装甲),左腿(装甲),右腿(装甲),头部(肉体),身体(肉体),左臂(肉体),右臂(肉体),左手(肉体),右手(肉体),左腿(肉体),右腿(肉体),头部(骨架),身体(骨架),左臂(骨架),右臂(骨架),左手(骨架),右手(骨架),左腿(骨架),右腿(骨架),timestamp
0,⑨鱼,xnxdx22,20,0,Jukk,21899394,0,9221717,1158675,688103,544526,4523521,697735,736823,0,4326762,0,0,0,1527,0,0,0,0,0,0,0,0,0,0,2021-03-18
1,⑨鱼,xnxdx22,20,1,Jukk,0,0,0,0,0,0,0,0,0,0,0,0,0,0,0,0,0,0,0,0,0,0,0,0,0,2021-03-18
2,⑨鱼,xnxdx22,20,2,Takedar,21367271,883624,12593362,561390,694500,494193,470322,829526,363908,0,4476442,0,0,0,0,0,0,0,0,0,0,0,0,0,0,2021-03-18
3,⑨鱼,xnxdx22,20,3,Takedar,0,0,0,0,0,0,0,0,0,0,0,0,0,0,0,0,0,0,0,0,0,0,0,0,0,2021-03-18
4,⑨鱼,xnxdx22,20,4,Jukk,17300503,5395,13200769,720185,967202,338497,801517,619361,647573,0,0,0,0,0,0,0,0,0,0,0,0,0,0,0,0,2021-03-18
5,⑨鱼,xnxdx22,20,5,Lojak,25368261,16276,5984,0,19910,0,1113855,777228,501785,662793,17568171,1401557,0,1131515,637458,517940,1013784,0,0,0,0,0,0,0,0,2021-03-18
6,⑨鱼,xnxdx22,20,6,Takedar,0,0,0,0,0,0,0,0,0,0,0,0,0,0,0,0,0,0,0,0,0,0,0,0,0,2021-03-18
7,⑨鱼,xnxdx22,20,7,Takedar,22111854,9582574,775049,552215,468376,303962,0,574680,662613,0,8511406,0,0,0,680975,0,0,0,0,0,0,0,0,0,0,2021-03-18
8,OSTO,e25yde7,20,0,Jukk,9415280,0,0,0,0,0,0,2848330,5936136,0,153005,126088,132724,126088,92907,0,0,0,0,0,0,0,0,0,0,2021-03-18
9,OSTO,e25yde7,20,1,Jukk,5691791,0,905283,667864,349080,516536,0,2607530,0,0,0,0,0,0,346299,0,299195,0,0,0,0,0,0,0,0,2021-03-18
10,OSTO,e25yde7,20,2,Takedar,0,0,0,0,0,0,0,0,0,0,0,0,0,0,0,0,0,0,0,0,0,0,0,0,0,2021-03-18
11,OSTO,e25yde7,20,3,Takedar,16783601,0,5443976,0,2501308,0,0,0,0,739069,1529674,0,4805045,112906,589832,511442,550345,0,0,0,0,0,0,0,0,2021-03-18
12,OSTO,e25yde7,20,4,Jukk,0,0,0,0,0,0,0,0,0,0,0,0,0,0,0,0,0,0,0,0,0,0,0,0,0,2021-03-18
13,OSTO,e25yde7,20,5,Lojak,32194109,6898868,6906827,1029812,25918,1095256,861271,7347155,677216,986276,1124420,1144352,0,1232893,1179739,621353,1062747,0,0,0,0,0,0,0,0,2021-03-18
14,OSTO,e25yde7,20,6,Takedar,0,0,0,0,0,0,0,0,0,0,0,0,0,0,0,0,0,0,0,0,0,0,0,0,0,2021-03-18
15,OSTO,e25yde7,20,7,Takedar,15833807,0,0,0,0,0,0,0,0,7448702,1096896,1063223,960352,4171758,127274,965522,0,0,0,0,0,0,0,0,77,2021-03-18
16,剑圣二次污染,523dqmp,20,0,Jukk,14106421,107103,3747255,770120,94611,4875471,2763715,530305,470954,0,237304,229060,0,182642,97875,0,0,0,0,0,0,0,0,0,0,2021-03-18
17,剑圣二次污染,523dqmp,20,1,Jukk,0,0,0,0,0,0,0,0,0,0,0,0,0,0,0,0,0,0,0,0,0,0,0,0,0,2021-03-18
18,剑圣二次污染,523dqmp,20,2,Takedar,14488640,8682111,3918997,533845,35636,600610,74242,550641,92555,0,0,0,0,0,0,0,0,0,0,0,0,0,0,0,0,2021-03-18
19,剑圣二次污染,523dqmp,20,3,Takedar,0,0,0,0,0,0,0,0,0,0,0,0,0,0,0,0,0,0,0,0,0,0,0,0,0,2021-03-18
20,剑圣二次污染,523dqmp,20,4,Jukk,14694185,13363,3753240,500521,468606,425616,6672272,578152,375160,0,0,0,0,0,1907250,0,0,0,0,0,0,0,0,0,0,2021-03-18
21,剑圣二次污染,523dqmp,20,5,Lojak,3359017,0,0,0,0,0,0,0,0,0,3359017,0,0,0,0,0,0,0,0,0,0,0,0,0,0,2021-03-18
22,剑圣二次污染,523dqmp,20,6,Takedar,11866334,683632,0,0,583960,86616,769363,24747,85131,8688442,901379,43060,0,0,0,0,0,0,0,0,0,0,0,0,0,2021-03-18
23,剑圣二次污染,523dqmp,20,7,Takedar,14843228,0,719326,77675,703409,81666,0,0,57618,9235372,3287333,5939,0,0,593714,81171,0,0,0,0,0,0,0,0,0,2021-03-18
24,wh,ng64n3n,15,0,Jukk,18427396,0,0,0,0,0,0,7149897,3369817,0,1795652,1228679,1179153,1255576,1077063,713189,658367,0,0,0,0,0,0,0,0,2021-03-18
25,wh,ng64n3n,15,1,Jukk,0,0,0,0,0,0,0,0,0,0,0,0,0,0,0,0,0,0,0,0,0,0,0,0,0,2021-03-18
26,wh,ng64n3n,15,2,Takedar,18541610,0,0,0,0,0,0,0,0,8499491,97868,4283038,435611,1547924,1191048,1180796,1305573,0,259,0,0,0,0,0,0,2021-03-18
27,wh,ng64n3n,15,3,Takedar,0,0,0,0,0,0,0,0,0,0,0,0,0,0,0,0,0,0,0,0,0,0,0,0,0,2021-03-18
28,wh,ng64n3n,15,4,Jukk,17935808,370,0,0,0,0,0,3121552,3559624,0,1372547,1084632,1331882,1006230,1103097,1446110,3909761,0,0,0,0,0,0,0,0,2021-03-18
29,wh,ng64n3n,15,5,Lojak,0,0,0,0,0,0,0,0,0,0,0,0,0,0,0,0,0,0,0,0,0,0,0,0,0,2021-03-18
30,wh,ng64n3n,15,6,Takedar,0,0,0,0,0,0,0,0,0,0,0,0,0,0,0,0,0,0,0,0,0,0,0,0,0,2021-03-18
31,wh,ng64n3n,15,7,Takedar,14454827,2684389,1336294,2165761,810312,882609,0,433278,480102,4430195,107799,120006,0,0,541407,462670,0,0,0,0,0,0,0,0,0,2021-03-18
32,Liquid,6r922bx,20,0,Jukk,0,0,0,0,0,0,0,0,0,0,0,0,0,0,0,0,0,0,0,0,0,0,0,0,0,2021-03-18
33,Liquid,6r922bx,20,1,Jukk,13590787,12043,3367962,1056598,934095,857031,704883,578815,5511115,0,0,0,0,0,0,0,568241,0,0,0,0,0,0,0,0,2021-03-18
34,Liquid,6r922bx,20,2,Takedar,6125815,586730,737053,275996,293575,374492,311681,329880,406666,465563,646349,212411,235856,349654,254817,365095,279992,0,0,0,0,0,0,0,0,2021-03-18
35,Liquid,6r922bx,20,3,Takedar,7332681,0,1981495,0,0,0,4530021,399528,0,0,0,0,0,0,0,421635,0,0,0,0,0,0,0,0,0,2021-03-18
36,Liquid,6r922bx,20,4,Jukk,11167117,67798,8207367,584147,674699,193603,0,114904,379152,0,0,0,0,0,945443,0,0,0,0,0,0,0,0,0,0,2021-03-18
37,Liquid,6r922bx,20,5,Lojak,2493514,0,2493514,0,0,0,0,0,0,0,0,0,0,0,0,0,0,0,0,0,0,0,0,0,0,2021-03-18
38,Liquid,6r922bx,20,6,Takedar,0,0,0,0,0,0,0,0,0,0,0,0,0,0,0,0,0,0,0,0,0,0,0,0,0,2021-03-18
39,Liquid,6r922bx,20,7,Takedar,27009998,1733964,17128422,1764699,1102130,1102919,1337155,1469394,1371312,0,0,0,0,0,0,0,0,0,0,0,0,0,0,0,0,2021-03-18
40,*･'(*ﾟ▽ﾟ*)'･*,32d47b9,20,0,Jukk,12699617,5605,0,0,0,0,0,0,0,0,1939925,774910,5982770,197297,410195,46616,3342294,0,0,0,0,0,0,0,0,2021-03-18
41,*･'(*ﾟ▽ﾟ*)'･*,32d47b9,20,1,Jukk,0,0,0,0,0,0,0,0,0,0,0,0,0,0,0,0,0,0,0,0,0,0,0,0,0,2021-03-18
42,*･'(*ﾟ▽ﾟ*)'･*,32d47b9,20,2,Takedar,13227125,3875990,2326638,196441,5235262,370459,324587,388407,509336,0,0,0,0,0,0,0,0,0,0,0,0,0,0,0,0,2021-03-18
43,*･'(*ﾟ▽ﾟ*)'･*,32d47b9,20,3,Takedar,4740688,0,0,0,0,0,0,0,0,3593080,1147608,0,0,0,0,0,0,0,0,0,0,0,0,0,0,2021-03-18
44,*･'(*ﾟ▽ﾟ*)'･*,32d47b9,20,4,Jukk,7933014,88234,0,2129563,0,0,0,254058,265159,0,601292,3488040,574117,195127,337420,0,0,0,0,0,0,0,0,0,0,2021-03-18
45,*･'(*ﾟ▽ﾟ*)'･*,32d47b9,20,5,Lojak,7660454,0,0,0,190363,0,0,0,0,3070846,2055172,0,0,0,980415,656052,705357,821,0,0,0,0,0,0,1424,2021-03-18
46,*･'(*ﾟ▽ﾟ*)'･*,32d47b9,20,6,Takedar,5581055,5581055,0,0,0,0,0,0,0,0,0,0,0,0,0,0,0,0,0,0,0,0,0,0,0,2021-03-18
47,*･'(*ﾟ▽ﾟ*)'･*,32d47b9,20,7,Takedar,13304022,2714635,1079678,1875842,4132723,949916,0,0,367967,0,0,0,1552521,0,354712,276024,0,0,0,0,0,0,0,0,0,2021-03-18
48,pater,b2rmkk3,19,0,Jukk,11165082,0,0,0,0,0,0,0,0,0,11153880,11201,0,0,0,0,0,0,0,0,0,0,0,0,0,2021-03-18
49,pater,b2rmkk3,19,1,Jukk,0,0,0,0,0,0,0,0,0,0,0,0,0,0,0,0,0,0,0,0,0,0,0,0,0,2021-03-18
50,pater,b2rmkk3,19,2,Takedar,0,0,0,0,0,0,0,0,0,0,0,0,0,0,0,0,0,0,0,0,0,0,0,0,0,2021-03-18
51,pater,b2rmkk3,19,3,Takedar,13724400,4864820,3372244,0,0,0,0,0,0,3102835,0,0,0,0,0,0,2384499,0,0,0,0,0,0,0,0,2021-03-18
52,pater,b2rmkk3,19,4,Jukk,13199810,0,0,333,0,0,0,0,2396404,0,10769564,0,30753,0,2753,0,0,0,0,0,0,0,0,0,0,2021-03-18
53,pater,b2rmkk3,19,5,Lojak,0,0,0,0,0,0,0,0,0,0,0,0,0,0,0,0,0,0,0,0,0,0,0,0,0,2021-03-18
54,pater,b2rmkk3,19,6,Takedar,13307829,0,0,0,0,0,0,0,0,2640617,2877281,0,856171,5056213,0,0,1873483,0,3025,0,0,90,62,0,884,2021-03-18
55,pater,b2rmkk3,19,7,Takedar,13269243,0,0,0,0,1521599,0,0,1480065,2593210,3112181,0,0,868840,0,0,3693346,0,0,0,0,0,0,0,0,2021-03-18
56,Jasbling,6567qp8,20,0,Jukk,12730308,1047,2617063,4955767,384745,205301,201835,470263,430178,0,882573,379113,466258,365603,544633,387769,438155,0,0,0,0,0,0,0,0,2021-03-18
57,Jasbling,6567qp8,20,1,Jukk,0,0,0,0,0,0,0,0,0,0,0,0,0,0,0,0,0,0,0,0,0,0,0,0,0,2021-03-18
58,Jasbling,6567qp8,20,2,Takedar,13285634,5306646,665667,225134,166753,127002,264501,268937,269919,601098,3051837,511866,336438,372510,446916,304477,365927,0,0,0,0,0,0,0,0,2021-03-18
59,Jasbling,6567qp8,20,3,Takedar,6505793,0,0,0,0,0,0,0,0,4291392,2214400,0,0,0,0,0,0,0,0,0,0,0,0,0,0,2021-03-18
60,Jasbling,6567qp8,20,4,Jukk,6250259,2094,864876,571242,496180,217773,515919,301093,381593,0,412105,205340,451235,505694,504581,472609,347919,0,0,0,0,0,0,0,0,2021-03-18
61,Jasbling,6567qp8,20,5,Lojak,0,0,0,0,0,0,0,0,0,0,0,0,0,0,0,0,0,0,0,0,0,0,0,0,0,2021-03-18
62,Jasbling,6567qp8,20,6,Takedar,12233917,5453985,3604448,684234,411271,485212,434639,659503,500622,0,0,0,0,0,0,0,0,0,0,0,0,0,0,0,0,2021-03-18
63,Jasbling,6567qp8,20,7,Takedar,13217581,5260760,3347653,256944,384083,140898,111299,280429,273072,449183,379192,370771,526873,299540,369971,301186,465720,0,0,0,0,0,0,0,0,2021-03-18
64,yycxx,b65mrx8,18,0,Jukk,0,0,0,0,0,0,0,0,0,0,0,0,0,0,0,0,0,0,0,0,0,0,0,0,0,2021-03-18
65,yycxx,b65mrx8,18,1,Jukk,13683537,15275,0,0,0,0,0,0,0,0,1593994,1145624,1504370,675639,796726,7683580,268325,0,0,0,0,0,0,0,0,2021-03-18
66,yycxx,b65mrx8,18,2,Takedar,10877724,0,0,496377,998520,4170100,2203309,291851,658817,577213,857406,0,40836,583289,0,0,0,0,0,0,0,0,0,0,0,2021-03-18
67,yycxx,b65mrx8,18,3,Takedar,2086396,8742,5056,0,502860,0,264930,0,402946,0,0,0,0,427477,146680,327701,0,0,0,0,0,0,0,0,0,2021-03-18
68,yycxx,b65mrx8,18,4,Jukk,14041425,6137,3784131,1287609,949719,5801783,772825,580692,858526,0,0,0,0,0,0,0,0,0,0,0,0,0,0,0,0,2021-03-18
69,yycxx,b65mrx8,18,5,Lojak,0,0,0,0,0,0,0,0,0,0,0,0,0,0,0,0,0,0,0,0,0,0,0,0,0,2021-03-18
70,yycxx,b65mrx8,18,6,Takedar,8811074,0,0,0,664350,313507,482038,396837,4976440,603282,571882,480128,0,0,0,0,322606,0,0,0,0,0,0,0,0,2021-03-18
71,yycxx,b65mrx8,18,7,Takedar,13739571,1155495,1657000,925620,604190,461435,5937263,664369,2293579,0,0,0,0,0,40615,0,0,0,0,0,0,0,0,0,0,2021-03-18
72,雪中悍刀行,2ww84em,14,0,Jukk,13689996,0,0,0,0,0,0,0,0,0,10725460,358754,284584,636298,512790,784524,387582,0,0,0,0,0,0,0,0,2021-03-18
73,雪中悍刀行,2ww84em,14,1,Jukk,0,0,0,0,0,0,0,0,0,0,0,0,0,0,0,0,0,0,0,0,0,0,0,0,0,2021-03-18
74,雪中悍刀行,2ww84em,14,2,Takedar,0,0,0,0,0,0,0,0,0,0,0,0,0,0,0,0,0,0,0,0,0,0,0,0,0,2021-03-18
75,雪中悍刀行,2ww84em,14,3,Takedar,17354800,7315671,3733254,232434,475520,551160,413293,4440263,193201,0,0,0,0,0,0,0,0,0,0,0,0,0,0,0,0,2021-03-18
76,雪中悍刀行,2ww84em,14,4,Jukk,17596498,0,0,581427,356816,0,0,400544,324071,0,10686968,0,0,4658572,588096,0,0,0,0,0,0,0,0,0,0,2021-03-18
77,雪中悍刀行,2ww84em,14,5,Lojak,0,0,0,0,0,0,0,0,0,0,0,0,0,0,0,0,0,0,0,0,0,0,0,0,0,2021-03-18
78,雪中悍刀行,2ww84em,14,6,Takedar,13685845,0,0,0,0,0,0,0,0,7681729,987736,0,409732,420288,321550,3180597,683556,0,0,240,0,0,34,377,0,2021-03-18
79,雪中悍刀行,2ww84em,14,7,Takedar,0,0,0,0,0,0,0,0,0,0,0,0,0,0,0,0,0,0,0,0,0,0,0,0,0,2021-03-18
80,舞醉剑,rq79w8n,16,0,Jukk,0,0,0,0,0,0,0,0,0,0,0,0,0,0,0,0,0,0,0,0,0,0,0,0,0,2021-03-18
81,舞醉剑,rq79w8n,16,1,Jukk,15722086,0,8737651,4241451,504332,440504,717608,678861,0,0,0,0,0,0,76993,0,324683,0,0,0,0,0,0,0,0,2021-03-18
82,舞醉剑,rq79w8n,16,2,Takedar,15872017,0,0,378928,0,0,387547,351265,0,4212753,9341296,0,461195,334966,0,0,404064,0,0,0,0,0,0,0,0,2021-03-18
83,舞醉剑,rq79w8n,16,3,Takedar,0,0,0,0,0,0,0,0,0,0,0,0,0,0,0,0,0,0,0,0,0,0,0,0,0,2021-03-18
84,舞醉剑,rq79w8n,16,4,Jukk,14834404,0,0,0,0,0,0,0,0,0,593915,220969,0,0,0,1595956,12420738,0,1684,1139,0,0,0,0,0,2021-03-18
85,舞醉剑,rq79w8n,16,5,Lojak,0,0,0,0,0,0,0,0,0,0,0,0,0,0,0,0,0,0,0,0,0,0,0,0,0,2021-03-18
86,舞醉剑,rq79w8n,16,6,Takedar,5643069,0,0,0,0,0,0,0,0,3650029,0,0,1993040,0,0,0,0,0,0,0,0,0,0,0,0,2021-03-18
87,舞醉剑,rq79w8n,16,7,Takedar,9363035,541899,3669328,360518,304436,389067,451982,3274276,371525,0,0,0,0,0,0,0,0,0,0,0,0,0,0,0,0,2021-03-18
88,Alex,p7qkn7y,17,0,Jukk,13471153,93851,0,0,0,0,0,0,0,0,690684,609035,456135,230021,3119697,5177987,3093739,0,0,0,0,0,0,0,0,2021-03-18
89,Alex,p7qkn7y,17,1,Jukk,0,0,0,0,0,0,0,0,0,0,0,0,0,0,0,0,0,0,0,0,0,0,0,0,0,2021-03-18
90,Alex,p7qkn7y,17,2,Takedar,14218309,0,0,0,0,0,0,0,0,8961417,937400,324390,535327,232908,2830877,84469,311518,0,0,0,0,0,0,0,0,2021-03-18
91,Alex,p7qkn7y,17,3,Takedar,14013383,0,0,0,0,0,0,0,0,416861,11208099,0,350561,99214,763512,401454,773474,0,0,58,0,146,0,0,0,2021-03-18
92,Alex,p7qkn7y,17,4,Jukk,0,0,0,0,0,0,0,0,0,0,0,0,0,0,0,0,0,0,0,0,0,0,0,0,0,2021-03-18
93,Alex,p7qkn7y,17,5,Lojak,0,0,0,0,0,0,0,0,0,0,0,0,0,0,0,0,0,0,0,0,0,0,0,0,0,2021-03-18
94,Alex,p7qkn7y,17,6,Takedar,13748626,714106,2108054,2717121,629310,196329,516347,240810,158100,0,6468446,0,0,0,0,0,0,0,0,0,0,0,0,0,0,2021-03-18
95,Alex,p7qkn7y,17,7,Takedar,2426039,0,0,0,0,0,0,0,0,0,0,0,0,0,0,2426039,0,0,0,0,0,0,0,0,0,2021-03-18
96,狗蛋ღ,yg8x58q,20,0,Jukk,11835183,1189,2677951,870244,3141664,708416,836492,722192,561606,0,2315425,0,0,0,0,0,0,0,0,0,0,0,0,0,0,2021-03-18
97,狗蛋ღ,yg8x58q,20,1,Jukk,7203705,859,0,0,0,0,0,0,0,0,564985,0,3524119,912366,834926,747053,618889,0,475,29,0,0,0,0,0,2021-03-18
98,狗蛋ღ,yg8x58q,20,2,Takedar,4664889,0,0,0,0,0,0,0,0,0,4664889,0,0,0,0,0,0,0,0,0,0,0,0,0,0,2021-03-18
99,狗蛋ღ,yg8x58q,20,3,Takedar,6262948,0,0,0,0,0,0,0,0,4160120,0,0,1546110,0,553802,0,0,0,0,0,0,0,2914,0,0,2021-03-18
100,狗蛋ღ,yg8x58q,20,4,Jukk,4785887,2326,0,334337,283151,0,0,372029,598754,0,2250112,0,0,382098,563077,0,0,0,0,0,0,0,0,0,0,2021-03-18
101,狗蛋ღ,yg8x58q,20,5,Lojak,0,0,0,0,0,0,0,0,0,0,0,0,0,0,0,0,0,0,0,0,0,0,0,0,0,2021-03-18
102,狗蛋ღ,yg8x58q,20,6,Takedar,11354566,756052,5057657,458323,553595,465382,620626,707295,2735632,0,0,0,0,0,0,0,0,0,0,0,0,0,0,0,0,2021-03-18
103,狗蛋ღ,yg8x58q,20,7,Takedar,11662343,2981212,5031077,670372,630097,495941,679635,656064,517942,0,0,0,0,0,0,0,0,0,0,0,0,0,0,0,0,2021-03-18
104,三千剑气开天门,mng2634,16,0,Jukk,14493013,0,0,0,0,0,0,0,1263417,0,680631,712859,0,895264,0,6801458,4139380,0,0,0,0,0,0,0,0,2021-03-18
105,三千剑气开天门,mng2634,16,1,Jukk,8002578,0,0,0,0,0,0,0,0,0,0,0,1613338,638431,896500,4797098,51238,0,149,37,2322,0,3060,402,0,2021-03-18
106,三千剑气开天门,mng2634,16,2,Takedar,0,0,0,0,0,0,0,0,0,0,0,0,0,0,0,0,0,0,0,0,0,0,0,0,0,2021-03-18
107,三千剑气开天门,mng2634,16,3,Takedar,5768943,0,3119027,2649915,0,0,0,0,0,0,0,0,0,0,0,0,0,0,0,0,0,0,0,0,0,2021-03-18
108,三千剑气开天门,mng2634,16,4,Jukk,14463198,46679,0,1324247,1483180,0,0,0,0,0,3138305,0,8410829,0,59955,0,0,0,0,0,0,0,0,0,0,2021-03-18
109,三千剑气开天门,mng2634,16,5,Lojak,14538280,0,0,0,0,0,0,0,0,6504133,4138140,0,0,0,0,3896007,0,0,0,0,0,0,0,0,0,2021-03-18
110,三千剑气开天门,mng2634,16,6,Takedar,0,0,0,0,0,0,0,0,0,0,0,0,0,0,0,0,0,0,0,0,0,0,0,0,0,2021-03-18
111,三千剑气开天门,mng2634,16,7,Takedar,0,0,0,0,0,0,0,0,0,0,0,0,0,0,0,0,0,0,0,0,0,0,0,0,0,2021-03-18
112,幽冥道,3nw4q8n,20,0,Jukk,10724278,0,0,0,0,0,0,2414844,0,0,2893038,1071284,1668431,1154972,1521706,0,0,0,0,0,0,0,0,0,0,2021-03-18
113,幽冥道,3nw4q8n,20,1,Jukk,0,0,0,0,0,0,0,0,0,0,0,0,0,0,0,0,0,0,0,0,0,0,0,0,0,2021-03-18
114,幽冥道,3nw4q8n,20,2,Takedar,0,0,0,0,0,0,0,0,0,0,0,0,0,0,0,0,0,0,0,0,0,0,0,0,0,2021-03-18
115,幽冥道,3nw4q8n,20,3,Takedar,24410317,352,2965184,0,0,16457,0,2575233,0,2863855,4628182,7028681,44209,0,142763,32342,4111942,0,0,762,0,0,0,0,349,2021-03-18
116,幽冥道,3nw4q8n,20,4,Jukk,0,0,0,0,0,0,0,0,0,0,0,0,0,0,0,0,0,0,0,0,0,0,0,0,0,2021-03-18
117,幽冥道,3nw4q8n,20,5,Lojak,0,0,0,0,0,0,0,0,0,0,0,0,0,0,0,0,0,0,0,0,0,0,0,0,0,2021-03-18
118,幽冥道,3nw4q8n,20,6,Takedar,11386539,0,0,0,950747,0,1362870,0,0,352,4642945,0,73618,0,0,0,4356004,0,0,0,0,0,0,0,0,2021-03-18
119,幽冥道,3nw4q8n,20,7,Takedar,9946871,352,4245379,843958,0,1565089,0,3292090,0,0,0,0,0,0,0,0,0,0,0,0,0,0,0,0,0,2021-03-18
120,JZXJ,x67y9yq,20,0,Jukk,0,0,0,0,0,0,0,0,0,0,0,0,0,0,0,0,0,0,0,0,0,0,0,0,0,2021-03-18
121,JZXJ,x67y9yq,20,1,Jukk,10356238,0,2488022,0,0,0,8955,5672387,0,0,0,0,0,0,0,0,2186873,0,0,0,0,0,0,0,0,2021-03-18
122,JZXJ,x67y9yq,20,2,Takedar,0,0,0,0,0,0,0,0,0,0,0,0,0,0,0,0,0,0,0,0,0,0,0,0,0,2021-03-18
123,JZXJ,x67y9yq,20,3,Takedar,11695947,6679160,2568377,2448409,0,0,0,0,0,0,0,0,0,0,0,0,0,0,0,0,0,0,0,0,0,2021-03-18
124,JZXJ,x67y9yq,20,4,Jukk,0,0,0,0,0,0,0,0,0,0,0,0,0,0,0,0,0,0,0,0,0,0,0,0,0,2021-03-18
125,JZXJ,x67y9yq,20,5,Lojak,12667341,6266750,2458203,2496017,1312813,49193,0,0,0,0,77375,0,0,0,0,0,0,516,3206,32,0,1033,290,1679,226,2021-03-18
126,JZXJ,x67y9yq,20,6,Takedar,9449863,6873168,2576694,0,0,0,0,0,0,0,0,0,0,0,0,0,0,0,0,0,0,0,0,0,0,2021-03-18
127,JZXJ,x67y9yq,20,7,Takedar,11312206,0,0,0,0,0,0,0,0,6457629,2231133,2595287,0,28155,0,0,0,0,0,0,0,0,0,0,0,2021-03-18
128,随遇而安,p7k86mx,16,0,Jukk,0,0,0,0,0,0,0,0,0,0,0,0,0,0,0,0,0,0,0,0,0,0,0,0,0,2021-03-18
129,随遇而安,p7k86mx,16,1,Jukk,14153236,0,8753541,570434,2795475,238631,625947,536955,632250,0,0,0,0,0,0,0,0,0,0,0,0,0,0,0,0,2021-03-18
130,随遇而安,p7k86mx,16,2,Takedar,13126877,0,0,0,0,0,0,0,0,333368,27080,629192,5281472,2857658,576959,3081398,339747,0,0,0,0,0,0,0,0,2021-03-18
131,随遇而安,p7k86mx,16,3,Takedar,0,0,0,0,0,0,0,0,0,0,0,0,0,0,0,0,0,0,0,0,0,0,0,0,0,2021-03-18
132,随遇而安,p7k86mx,16,4,Jukk,13156787,0,0,0,0,0,0,0,0,0,749320,463806,0,0,0,11330363,613156,0,0,0,0,140,0,0,0,2021-03-18
133,随遇而安,p7k86mx,16,5,Lojak,0,0,0,0,0,0,0,0,0,0,0,0,0,0,0,0,0,0,0,0,0,0,0,0,0,2021-03-18
134,随遇而安,p7k86mx,16,6,Takedar,14506000,439175,11693167,502472,357145,363290,562110,324406,264232,0,0,0,0,0,0,0,0,0,0,0,0,0,0,0,0,2021-03-18
135,随遇而安,p7k86mx,16,7,Takedar,0,0,0,0,0,0,0,0,0,0,0,0,0,0,0,0,0,0,0,0,0,0,0,0,0,2021-03-18
136,幸运超人,y9dge4n,16,0,Jukk,0,0,0,0,0,0,0,0,0,0,0,0,0,0,0,0,0,0,0,0,0,0,0,0,0,2021-03-18
137,幸运超人,y9dge4n,16,1,Jukk,12598985,0,2798196,0,147914,0,4188717,2462040,0,0,0,0,0,0,0,0,3002117,0,0,0,0,0,0,0,0,2021-03-18
138,幸运超人,y9dge4n,16,2,Takedar,13640521,0,0,0,0,0,0,0,0,7471703,6168818,0,0,0,0,0,0,0,0,0,0,0,0,0,0,2021-03-18
139,幸运超人,y9dge4n,16,3,Takedar,0,0,0,0,0,0,0,0,0,0,0,0,0,0,0,0,0,0,0,0,0,0,0,0,0,2021-03-18
140,幸运超人,y9dge4n,16,4,Jukk,13511763,0,0,0,0,0,0,0,0,0,11153763,0,0,0,0,0,2357361,0,0,0,0,0,638,0,0,2021-03-18
141,幸运超人,y9dge4n,16,5,Lojak,0,0,0,0,0,0,0,0,0,0,0,0,0,0,0,0,0,0,0,0,0,0,0,0,0,2021-03-18
142,幸运超人,y9dge4n,16,6,Takedar,14043094,8240875,0,1163740,0,1238063,0,0,0,0,3343188,57227,0,0,0,0,0,0,0,0,0,0,0,0,0,2021-03-18
143,幸运超人,y9dge4n,16,7,Takedar,0,0,0,0,0,0,0,0,0,0,0,0,0,0,0,0,0,0,0,0,0,0,0,0,0,2021-03-18
144,风清,7nr6628,20,0,Jukk,10669619,3205,0,0,714429,0,0,358741,155096,0,6163754,535098,2062673,348795,327824,0,0,0,0,0,0,0,0,0,0,2021-03-18
145,风清,7nr6628,20,1,Jukk,0,0,0,0,0,0,0,0,0,0,0,0,0,0,0,0,0,0,0,0,0,0,0,0,0,2021-03-18
146,风清,7nr6628,20,2,Takedar,10456430,0,0,1923350,0,0,492640,1612730,0,673603,167361,2547779,115252,137862,1677664,755236,352948,0,0,0,0,0,0,0,0,2021-03-18
147,风清,7nr6628,20,3,Takedar,10732546,0,0,0,0,0,0,0,0,2563554,5088723,0,341215,0,2485284,253657,0,0,0,0,0,0,0,110,0,2021-03-18
148,风清,7nr6628,20,4,Jukk,0,0,0,0,0,0,0,0,0,0,0,0,0,0,0,0,0,0,0,0,0,0,0,0,0,2021-03-18
149,风清,7nr6628,20,5,Lojak,0,0,0,0,0,0,0,0,0,0,0,0,0,0,0,0,0,0,0,0,0,0,0,0,0,2021-03-18
150,风清,7nr6628,20,6,Takedar,11300474,7328203,2496032,250118,198106,68182,294966,196515,468348,0,0,0,0,0,0,0,0,0,0,0,0,0,0,0,0,2021-03-18
151,风清,7nr6628,20,7,Takedar,10599840,0,0,0,0,0,0,0,0,6317792,2186625,0,0,0,0,2095422,0,0,0,0,0,0,0,0,0,2021-03-18
152,Doroshi,qq52rrr,20,0,Jukk,0,0,0,0,0,0,0,0,0,0,0,0,0,0,0,0,0,0,0,0,0,0,0,0,0,2021-03-18
153,Doroshi,qq52rrr,20,1,Jukk,11191368,0,0,0,0,0,0,0,0,0,5257675,705672,609352,274943,617637,2758135,967952,0,0,0,0,0,0,0,0,2021-03-18
154,Doroshi,qq52rrr,20,2,Takedar,10403233,5007396,2536773,210324,191993,159292,332258,202793,1762400,0,0,0,0,0,0,0,0,0,0,0,0,0,0,0,0,2021-03-18
155,Doroshi,qq52rrr,20,3,Takedar,0,0,0,0,0,0,0,0,0,0,0,0,0,0,0,0,0,0,0,0,0,0,0,0,0,2021-03-18
156,Doroshi,qq52rrr,20,4,Jukk,0,0,0,0,0,0,0,0,0,0,0,0,0,0,0,0,0,0,0,0,0,0,0,0,0,2021-03-18
157,Doroshi,qq52rrr,20,5,Lojak,21107408,418659,8701060,287456,0,0,369373,405605,280259,625022,8564364,100095,0,360291,245576,247742,501900,0,0,0,0,0,0,0,0,2021-03-18
158,Doroshi,qq52rrr,20,6,Takedar,0,0,0,0,0,0,0,0,0,0,0,0,0,0,0,0,0,0,0,0,0,0,0,0,0,2021-03-18
159,Doroshi,qq52rrr,20,7,Takedar,10924954,9059173,685873,153742,61032,153035,0,229314,233981,0,0,0,0,0,348801,0,0,0,0,0,0,0,0,0,0,2021-03-18
160,cong,gmyr876,16,0,Jukk,0,0,0,0,0,0,0,0,0,0,0,0,0,0,0,0,0,0,0,0,0,0,0,0,0,2021-03-18
161,cong,gmyr876,16,1,Jukk,13309221,340,2964322,0,2284901,0,0,0,0,0,3415658,283778,0,207643,340397,242785,3569394,0,0,0,0,0,0,0,0,2021-03-18
162,cong,gmyr876,16,2,Takedar,13645537,6446691,423433,290313,223932,167167,3543254,186906,125194,2238643,0,0,0,0,0,0,0,0,0,0,0,0,0,0,0,2021-03-18
163,cong,gmyr876,16,3,Takedar,0,0,0,0,0,0,0,0,0,0,0,0,0,0,0,0,0,0,0,0,0,0,0,0,0,2021-03-18
164,cong,gmyr876,16,4,Jukk,12175621,0,0,0,0,0,0,0,3126485,0,2009638,0,0,0,0,155793,6883670,0,0,0,0,0,34,0,0,2021-03-18
165,cong,gmyr876,16,5,Lojak,5491988,0,0,0,0,0,0,0,0,0,5472810,0,0,0,18536,0,0,0,0,0,0,0,641,0,0,2021-03-18
166,cong,gmyr876,16,6,Takedar,8937894,0,0,0,0,0,0,0,0,8935453,2441,0,0,0,0,0,0,0,0,0,0,0,0,0,0,2021-03-18
167,cong,gmyr876,16,7,Takedar,0,0,0,0,0,0,0,0,0,0,0,0,0,0,0,0,0,0,0,0,0,0,0,0,0,2021-03-18
168,gegeeey,b6667p5,16,0,Jukk,12094881,0,0,0,0,0,0,0,0,0,880940,2468125,0,1261157,3731485,664855,3087872,0,0,0,0,0,444,0,0,2021-03-18
169,gegeeey,b6667p5,16,1,Jukk,528836,0,0,528836,0,0,0,0,0,0,0,0,0,0,0,0,0,0,0,0,0,0,0,0,0,2021-03-18
170,gegeeey,b6667p5,16,2,Takedar,0,0,0,0,0,0,0,0,0,0,0,0,0,0,0,0,0,0,0,0,0,0,0,0,0,2021-03-18
171,gegeeey,b6667p5,16,3,Takedar,13300472,0,2933390,235449,2010875,707700,1164554,500726,5747775,0,0,0,0,0,0,0,0,0,0,0,0,0,0,0,0,2021-03-18
172,gegeeey,b6667p5,16,4,Jukk,1635028,0,0,0,0,0,0,0,0,0,0,0,0,0,0,1635028,0,0,0,0,0,0,0,0,0,2021-03-18
173,gegeeey,b6667p5,16,5,Lojak,11731348,667145,8099271,497787,0,578236,0,1655208,233698,0,0,0,0,0,0,0,0,0,0,0,0,0,0,0,0,2021-03-18
174,gegeeey,b6667p5,16,6,Takedar,13337425,2855481,0,1724917,615486,1827476,428567,5363164,494974,0,27357,0,0,0,0,0,0,0,0,0,0,0,0,0,0,2021-03-18
175,gegeeey,b6667p5,16,7,Takedar,0,0,0,0,0,0,0,0,0,0,0,0,0,0,0,0,0,0,0,0,0,0,0,0,0,2021-03-18
176,迪奥斯先生,p2dbk3,16,0,Jukk,0,0,0,0,0,0,0,0,0,0,0,0,0,0,0,0,0,0,0,0,0,0,0,0,0,2021-03-18
177,迪奥斯先生,p2dbk3,16,1,Jukk,12890459,699,0,0,0,0,0,0,0,0,10633021,494233,376078,276101,293970,357704,458649,0,0,0,0,0,0,0,0,2021-03-18
178,迪奥斯先生,p2dbk3,16,2,Takedar,13445296,0,0,423666,479692,175286,180416,449944,368236,5332660,6035392,0,0,0,0,0,0,0,0,0,0,0,0,0,0,2021-03-18
179,迪奥斯先生,p2dbk3,16,3,Takedar,0,0,0,0,0,0,0,0,0,0,0,0,0,0,0,0,0,0,0,0,0,0,0,0,0,2021-03-18
180,迪奥斯先生,p2dbk3,16,4,Jukk,0,0,0,0,0,0,0,0,0,0,0,0,0,0,0,0,0,0,0,0,0,0,0,0,0,2021-03-18
181,迪奥斯先生,p2dbk3,16,5,Lojak,24269519,455419,9386581,496203,0,293163,292111,374598,574636,7625029,3399183,0,0,0,479589,347444,545558,0,0,0,0,0,0,0,0,2021-03-18
182,迪奥斯先生,p2dbk3,16,6,Takedar,0,0,0,0,0,0,0,0,0,0,0,0,0,0,0,0,0,0,0,0,0,0,0,0,0,2021-03-18
183,迪奥斯先生,p2dbk3,16,7,Takedar,0,0,0,0,0,0,0,0,0,0,0,0,0,0,0,0,0,0,0,0,0,0,0,0,0,2021-03-18
184,RiNK,52ymnnk,18,0,Jukk,0,0,0,0,0,0,0,0,0,0,0,0,0,0,0,0,0,0,0,0,0,0,0,0,0,2021-03-18
185,RiNK,52ymnnk,18,1,Jukk,11694531,0,2186098,530695,395170,4603481,437683,523819,492572,0,0,0,0,0,0,0,2525009,0,0,0,0,0,0,0,0,2021-03-18
186,RiNK,52ymnnk,18,2,Takedar,4455593,0,0,0,0,0,0,0,0,2208429,0,126952,0,1971694,0,142800,768,0,0,374,0,4574,0,0,0,2021-03-18
187,RiNK,52ymnnk,18,3,Takedar,18766136,4678050,0,382030,493963,144896,238977,641409,644626,6740312,0,0,511217,0,2925376,769007,596268,0,0,0,0,0,0,0,0,2021-03-18
188,RiNK,52ymnnk,18,4,Jukk,0,0,0,0,0,0,0,0,0,0,0,0,0,0,0,0,0,0,0,0,0,0,0,0,0,2021-03-18
189,RiNK,52ymnnk,18,5,Lojak,0,0,0,0,0,0,0,0,0,0,0,0,0,0,0,0,0,0,0,0,0,0,0,0,0,2021-03-18
190,RiNK,52ymnnk,18,6,Takedar,4505189,290503,380738,567022,519478,413173,620913,1133624,579735,0,0,0,0,0,0,0,0,0,0,0,0,0,0,0,0,2021-03-18
191,RiNK,52ymnnk,18,7,Takedar,11169033,0,0,0,0,317205,0,0,742587,6083255,0,210435,247922,0,2855647,711979,0,0,0,0,0,0,0,0,0,2021-03-18
192,渡红尘,5288gen,16,0,Jukk,0,0,0,0,0,0,0,0,0,0,0,0,0,0,0,0,0,0,0,0,0,0,0,0,0,2021-03-18
193,渡红尘,5288gen,16,1,Jukk,13154424,2937,0,0,0,0,0,0,0,0,8027705,0,3234,0,2681053,2439494,0,0,0,0,0,0,0,0,0,2021-03-18
194,渡红尘,5288gen,16,2,Takedar,13263116,8000649,2481221,0,0,0,0,2781245,0,0,0,0,0,0,0,0,0,0,0,0,0,0,0,0,0,2021-03-18
195,渡红尘,5288gen,16,3,Takedar,13301905,0,0,0,0,0,0,0,0,7894764,5407140,0,0,0,0,0,0,0,0,0,0,0,0,0,0,2021-03-18
196,渡红尘,5288gen,16,4,Jukk,0,0,0,0,0,0,0,0,0,0,0,0,0,0,0,0,0,0,0,0,0,0,0,0,0,2021-03-18
197,渡红尘,5288gen,16,5,Lojak,0,0,0,0,0,0,0,0,0,0,0,0,0,0,0,0,0,0,0,0,0,0,0,0,0,2021-03-18
198,渡红尘,5288gen,16,6,Takedar,9780379,2111354,7669024,0,0,0,0,0,0,0,0,0,0,0,0,0,0,0,0,0,0,0,0,0,0,2021-03-18
199,渡红尘,5288gen,16,7,Takedar,0,0,0,0,0,0,0,0,0,0,0,0,0,0,0,0,0,0,0,0,0,0,0,0,0,2021-03-18
200,劍來,3239p74,20,0,Jukk,0,0,0,0,0,0,0,0,0,0,0,0,0,0,0,0,0,0,0,0,0,0,0,0,0,2021-03-18
201,劍來,3239p74,20,1,Jukk,9218293,513,0,0,0,0,0,0,0,0,1908930,262644,285315,264643,778763,3769460,1948022,0,0,0,0,0,0,0,0,2021-03-18
202,劍來,3239p74,20,2,Takedar,0,0,0,0,0,0,0,0,0,0,0,0,0,0,0,0,0,0,0,0,0,0,0,0,0,2021-03-18
203,劍來,3239p74,20,3,Takedar,9141612,2053474,321238,749951,210010,2805189,329567,339487,236375,0,0,2096317,0,0,0,0,0,0,0,0,0,0,0,0,0,2021-03-18
204,劍來,3239p74,20,4,Jukk,0,0,0,0,0,0,0,0,0,0,0,0,0,0,0,0,0,0,0,0,0,0,0,0,0,2021-03-18
205,劍來,3239p74,20,5,Lojak,19072873,1610899,4585028,0,31586,0,0,369345,0,5387751,704965,168988,0,2666746,806244,2266710,474580,0,0,25,0,0,0,0,0,2021-03-18
206,劍來,3239p74,20,6,Takedar,0,0,0,0,0,0,0,0,0,0,0,0,0,0,0,0,0,0,0,0,0,0,0,0,0,2021-03-18
207,劍來,3239p74,20,7,Takedar,9208889,1927635,3994945,314165,148087,241306,0,130845,181440,0,0,0,0,0,2270463,0,0,0,0,0,0,0,0,0,0,2021-03-18
208,书生学院,r5xpnx5,16,0,Jukk,0,0,0,0,0,0,0,0,0,0,0,0,0,0,0,0,0,0,0,0,0,0,0,0,0,2021-03-18
209,书生学院,r5xpnx5,16,1,Jukk,11493014,0,2227624,0,0,0,13213,1945468,7306708,0,0,0,0,0,0,0,0,0,0,0,0,0,0,0,0,2021-03-18
210,书生学院,r5xpnx5,16,2,Takedar,0,0,0,0,0,0,0,0,0,0,0,0,0,0,0,0,0,0,0,0,0,0,0,0,0,2021-03-18
211,书生学院,r5xpnx5,16,3,Takedar,0,0,0,0,0,0,0,0,0,0,0,0,0,0,0,0,0,0,0,0,0,0,0,0,0,2021-03-18
212,书生学院,r5xpnx5,16,4,Jukk,11371913,0,2120670,0,0,0,0,4771390,2510167,0,0,0,0,0,1969684,0,0,0,0,0,0,0,0,0,0,2021-03-18
213,书生学院,r5xpnx5,16,5,Lojak,12116738,0,0,0,0,0,0,0,0,2101808,2205272,0,0,0,841,2671860,5136955,0,0,0,0,0,0,0,0,2021-03-18
214,书生学院,r5xpnx5,16,6,Takedar,0,0,0,0,0,0,0,0,0,0,0,0,0,0,0,0,0,0,0,0,0,0,0,0,0,2021-03-18
215,书生学院,r5xpnx5,16,7,Takedar,10906836,0,0,0,0,0,0,0,0,2203447,2271235,0,0,0,770,1396637,5033908,0,0,0,0,0,0,0,837,2021-03-18
216,大风车吱呀吱,qq3k69r,20,0,Jukk,0,0,0,0,0,0,0,0,0,0,0,0,0,0,0,0,0,0,0,0,0,0,0,0,0,2021-03-18
217,大风车吱呀吱,qq3k69r,20,1,Jukk,10717330,2022,0,0,0,0,0,0,0,0,7308494,239381,287501,431896,428003,219814,1800214,0,0,0,0,0,0,0,0,2021-03-18
218,大风车吱呀吱,qq3k69r,20,2,Takedar,7250438,336121,5378433,207343,419022,240992,152746,279894,235884,0,0,0,0,0,0,0,0,0,0,0,0,0,0,0,0,2021-03-18
219,大风车吱呀吱,qq3k69r,20,3,Takedar,6881998,0,0,0,0,0,0,0,0,0,6881998,0,0,0,0,0,0,0,0,0,0,0,0,0,0,2021-03-18
220,大风车吱呀吱,qq3k69r,20,4,Jukk,0,0,0,0,0,0,0,0,0,0,0,0,0,0,0,0,0,0,0,0,0,0,0,0,0,2021-03-18
221,大风车吱呀吱,qq3k69r,20,5,Lojak,2185509,269234,325943,0,21636,0,0,324407,296685,0,0,294332,0,346825,288267,0,18176,0,0,0,0,0,0,0,0,2021-03-18
222,大风车吱呀吱,qq3k69r,20,6,Takedar,9188767,293264,7259173,361677,154466,142806,404727,277549,295101,0,0,0,0,0,0,0,0,0,0,0,0,0,0,0,0,2021-03-18
223,大风车吱呀吱,qq3k69r,20,7,Takedar,8853674,0,0,0,0,0,0,0,0,321928,6939743,330751,219884,255473,171042,285977,328873,0,0,0,0,0,0,0,0,2021-03-18
224,杀伐,pgrbxby,20,0,Jukk,9306645,32177,5690293,151803,590492,2112294,215571,204505,309505,0,0,0,0,0,0,0,0,0,0,0,0,0,0,0,0,2021-03-18
225,杀伐,pgrbxby,20,1,Jukk,0,0,0,0,0,0,0,0,0,0,0,0,0,0,0,0,0,0,0,0,0,0,0,0,0,2021-03-18
226,杀伐,pgrbxby,20,2,Takedar,7929065,868060,746487,283502,216257,2117097,245767,358175,3093716,0,0,0,0,0,0,0,0,0,0,0,0,0,0,0,0,2021-03-18
227,杀伐,pgrbxby,20,3,Takedar,0,0,0,0,0,0,0,0,0,0,0,0,0,0,0,0,0,0,0,0,0,0,0,0,0,2021-03-18
228,杀伐,pgrbxby,20,4,Jukk,9004565,297840,0,0,0,0,0,5070786,786823,0,483795,305770,268243,261031,293515,954643,282115,0,0,0,0,0,0,0,0,2021-03-18
229,杀伐,pgrbxby,20,5,Lojak,8331752,0,0,0,7477,0,0,0,0,5230152,2280326,0,0,0,210689,308557,294548,0,0,0,0,0,0,0,0,2021-03-18
230,杀伐,pgrbxby,20,6,Takedar,0,0,0,0,0,0,0,0,0,0,0,0,0,0,0,0,0,0,0,0,0,0,0,0,0,2021-03-18
231,杀伐,pgrbxby,20,7,Takedar,8926379,6120305,702062,510331,308634,328206,395466,0,561370,0,0,0,0,0,0,0,0,0,0,0,0,0,0,0,0,2021-03-18
232,十六夜,e4w4gp8,19,0,Jukk,0,0,0,0,0,0,0,0,0,0,0,0,0,0,0,0,0,0,0,0,0,0,0,0,0,2021-03-18
233,十六夜,e4w4gp8,19,1,Jukk,9123492,1240,0,0,0,0,0,0,0,0,5260423,458793,322383,1998014,211963,436087,434586,0,0,0,0,0,0,0,0,2021-03-18
234,十六夜,e4w4gp8,19,2,Takedar,0,0,0,0,0,0,0,0,0,0,0,0,0,0,0,0,0,0,0,0,0,0,0,0,0,2021-03-18
235,十六夜,e4w4gp8,19,3,Takedar,8999910,826101,2834585,800606,274597,3140891,199875,592173,331078,0,0,0,0,0,0,0,0,0,0,0,0,0,0,0,0,2021-03-18
236,十六夜,e4w4gp8,19,4,Jukk,0,0,0,0,0,0,0,0,0,0,0,0,0,0,0,0,0,0,0,0,0,0,0,0,0,2021-03-18
237,十六夜,e4w4gp8,19,5,Lojak,9998160,4041263,469356,0,53923,0,510936,261132,2234399,0,0,2338299,0,88848,0,0,0,0,0,0,0,0,0,0,0,2021-03-18
238,十六夜,e4w4gp8,19,6,Takedar,9041018,0,0,0,0,0,1851698,906885,0,3503058,297162,0,239873,149877,0,1490523,601881,0,0,57,0,0,0,0,0,2021-03-18
239,十六夜,e4w4gp8,19,7,Takedar,5819016,0,0,0,0,0,0,0,0,0,0,1657697,574373,2840510,0,734637,0,2263,382,1061,0,5105,1635,0,1348,2021-03-18
240,咸鱼没啥好想的,p7dygdn,15,0,Jukk,0,0,0,0,0,0,0,0,0,0,0,0,0,0,0,0,0,0,0,0,0,0,0,0,0,2021-03-18
241,咸鱼没啥好想的,p7dygdn,15,1,Jukk,7159278,0,0,0,0,0,0,0,0,0,768259,1298078,772698,1101736,1066107,1218588,933808,0,0,0,0,0,0,0,0,2021-03-18
242,咸鱼没啥好想的,p7dygdn,15,2,Takedar,0,0,0,0,0,0,0,0,0,0,0,0,0,0,0,0,0,0,0,0,0,0,0,0,0,2021-03-18
243,咸鱼没啥好想的,p7dygdn,15,3,Takedar,11412523,4501815,2655875,0,330454,0,0,0,0,0,0,0,0,430666,524607,2521846,447229,0,0,28,0,0,0,0,0,2021-03-18
244,咸鱼没啥好想的,p7dygdn,15,4,Jukk,0,0,0,0,0,0,0,0,0,0,0,0,0,0,0,0,0,0,0,0,0,0,0,0,0,2021-03-18
245,咸鱼没啥好想的,p7dygdn,15,5,Lojak,11630556,468694,867521,535600,0,571885,2285004,985104,5916745,0,0,0,0,0,0,0,0,0,0,0,0,0,0,0,0,2021-03-18
246,咸鱼没啥好想的,p7dygdn,15,6,Takedar,11794581,0,0,0,0,0,289872,0,0,423751,353814,0,569112,187109,5254857,4008057,708006,0,0,0,0,0,0,0,0,2021-03-18
247,咸鱼没啥好想的,p7dygdn,15,7,Takedar,0,0,0,0,0,0,0,0,0,0,0,0,0,0,0,0,0,0,0,0,0,0,0,0,0,2021-03-18
248,Mdzz,r563kb9,16,0,Jukk,0,0,0,0,0,0,0,0,0,0,0,0,0,0,0,0,0,0,0,0,0,0,0,0,0,2021-03-18
249,Mdzz,r563kb9,16,1,Jukk,10603179,0,721435,1529113,523652,2468810,0,1996978,0,0,0,61362,0,1998008,708840,27809,567167,0,0,0,0,0,0,0,0,2021-03-18
250,Mdzz,r563kb9,16,2,Takedar,0,0,0,0,0,0,0,0,0,0,0,0,0,0,0,0,0,0,0,0,0,0,0,0,0,2021-03-18
251,Mdzz,r563kb9,16,3,Takedar,10433736,4206530,2118121,0,929715,0,0,0,1837364,0,0,0,0,423791,347532,509630,61049,0,0,0,0,0,0,0,0,2021-03-18
252,Mdzz,r563kb9,16,4,Jukk,0,0,0,0,0,0,0,0,0,0,0,0,0,0,0,0,0,0,0,0,0,0,0,0,0,2021-03-18
253,Mdzz,r563kb9,16,5,Lojak,9703693,355263,1095092,1957116,8524,4712258,527436,328340,395582,0,0,0,0,324078,0,0,0,0,0,0,0,0,0,0,0,2021-03-18
254,Mdzz,r563kb9,16,6,Takedar,9767768,0,0,0,0,0,0,0,0,429961,640060,0,650760,953701,3548589,2270818,1273850,0,0,26,0,0,0,0,0,2021-03-18
255,Mdzz,r563kb9,16,7,Takedar,0,0,0,0,0,0,0,0,0,0,0,0,0,0,0,0,0,0,0,0,0,0,0,0,0,2021-03-18
256,Angela,ny32m8q,15,0,Jukk,10556918,16595,3427667,786967,2840815,163325,0,1181071,1897663,0,6362,114712,0,121737,0,0,0,0,0,0,0,0,0,0,0,2021-03-18
257,Angela,ny32m8q,15,1,Jukk,0,0,0,0,0,0,0,0,0,0,0,0,0,0,0,0,0,0,0,0,0,0,0,0,0,2021-03-18
258,Angela,ny32m8q,15,2,Takedar,7556102,0,0,0,0,0,0,0,0,41920,2923886,0,1762140,0,2085342,0,739032,0,0,0,2914,0,865,0,0,2021-03-18
259,Angela,ny32m8q,15,3,Takedar,0,0,0,0,0,0,0,0,0,0,0,0,0,0,0,0,0,0,0,0,0,0,0,0,0,2021-03-18
260,Angela,ny32m8q,15,4,Jukk,0,0,0,0,0,0,0,0,0,0,0,0,0,0,0,0,0,0,0,0,0,0,0,0,0,2021-03-18
261,Angela,ny32m8q,15,5,Lojak,10151721,12849,3215088,0,133589,0,1340005,0,3488982,0,0,0,0,0,1961204,0,0,0,0,0,0,0,0,0,0,2021-03-18
262,Angela,ny32m8q,15,6,Takedar,9957494,0,0,0,0,0,0,0,0,2257969,3073820,0,2888469,0,0,0,1721376,0,10411,0,0,0,520,0,4927,2021-03-18
263,Angela,ny32m8q,15,7,Takedar,0,0,0,0,0,0,0,0,0,0,0,0,0,0,0,0,0,0,0,0,0,0,0,0,0,2021-03-18
264,红薯就是我的命,de99k4r,12,0,Jukk,11388491,5087004,6301487,0,0,0,0,0,0,0,0,0,0,0,0,0,0,0,0,0,0,0,0,0,0,2021-03-18
265,红薯就是我的命,de99k4r,12,1,Jukk,0,0,0,0,0,0,0,0,0,0,0,0,0,0,0,0,0,0,0,0,0,0,0,0,0,2021-03-18
266,红薯就是我的命,de99k4r,12,2,Takedar,0,0,0,0,0,0,0,0,0,0,0,0,0,0,0,0,0,0,0,0,0,0,0,0,0,2021-03-18
267,红薯就是我的命,de99k4r,12,3,Takedar,0,0,0,0,0,0,0,0,0,0,0,0,0,0,0,0,0,0,0,0,0,0,0,0,0,2021-03-18
268,红薯就是我的命,de99k4r,12,4,Jukk,0,0,0,0,0,0,0,0,0,0,0,0,0,0,0,0,0,0,0,0,0,0,0,0,0,2021-03-18
269,红薯就是我的命,de99k4r,12,5,Lojak,0,0,0,0,0,0,0,0,0,0,0,0,0,0,0,0,0,0,0,0,0,0,0,0,0,2021-03-18
270,红薯就是我的命,de99k4r,12,6,Takedar,11209956,0,0,0,0,0,0,0,0,2549961,6199295,2460700,0,0,0,0,0,0,0,0,0,0,0,0,0,2021-03-18
271,红薯就是我的命,de99k4r,12,7,Takedar,10720778,0,0,0,0,0,0,0,0,2339229,6115230,2266319,0,0,0,0,0,0,0,0,0,0,0,0,0,2021-03-18
272,Hts,87ee6rw,12,0,Jukk,0,0,0,0,0,0,0,0,0,0,0,0,0,0,0,0,0,0,0,0,0,0,0,0,0,2021-03-18
273,Hts,87ee6rw,12,1,Jukk,0,0,0,0,0,0,0,0,0,0,0,0,0,0,0,0,0,0,0,0,0,0,0,0,0,2021-03-18
274,Hts,87ee6rw,12,2,Takedar,10865630,3642405,4835694,1964464,0,0,0,0,0,423064,0,0,0,0,0,0,0,0,0,0,0,0,0,0,0,2021-03-18
275,Hts,87ee6rw,12,3,Takedar,0,0,0,0,0,0,0,0,0,0,0,0,0,0,0,0,0,0,0,0,0,0,0,0,0,2021-03-18
276,Hts,87ee6rw,12,4,Jukk,11036744,0,0,0,0,0,0,0,0,0,5513836,4328303,300,244262,157051,426874,366117,0,0,0,0,0,0,0,0,2021-03-18
277,Hts,87ee6rw,12,5,Lojak,10896459,2258794,2167706,0,0,0,0,0,0,2413125,2439121,323812,0,346413,0,0,947486,0,0,0,0,0,0,0,0,2021-03-18
278,Hts,87ee6rw,12,6,Takedar,0,0,0,0,0,0,0,0,0,0,0,0,0,0,0,0,0,0,0,0,0,0,0,0,0,2021-03-18
279,Hts,87ee6rw,12,7,Takedar,0,0,0,0,0,0,0,0,0,0,0,0,0,0,0,0,0,0,0,0,0,0,0,0,0,2021-03-18
280,冲冲冲,qk53q63,12,0,Jukk,0,0,0,0,0,0,0,0,0,0,0,0,0,0,0,0,0,0,0,0,0,0,0,0,0,2021-03-18
281,冲冲冲,qk53q63,12,1,Jukk,0,0,0,0,0,0,0,0,0,0,0,0,0,0,0,0,0,0,0,0,0,0,0,0,0,2021-03-18
282,冲冲冲,qk53q63,12,2,Takedar,0,0,0,0,0,0,0,0,0,0,0,0,0,0,0,0,0,0,0,0,0,0,0,0,0,2021-03-18
283,冲冲冲,qk53q63,12,3,Takedar,10357244,4086582,400261,0,706953,719255,906650,0,920389,0,0,0,0,0,0,2617012,0,0,0,138,0,0,0,0,0,2021-03-18
284,冲冲冲,qk53q63,12,4,Jukk,10411449,13751,0,0,0,0,0,0,0,0,308498,2054789,1080215,3558776,2009005,726981,654663,0,0,0,2632,461,1671,0,0,2021-03-18
285,冲冲冲,qk53q63,12,5,Lojak,0,0,0,0,0,0,0,0,0,0,0,0,0,0,0,0,0,0,0,0,0,0,0,0,0,2021-03-18
286,冲冲冲,qk53q63,12,6,Takedar,0,0,0,0,0,0,0,0,0,0,0,0,0,0,0,0,0,0,0,0,0,0,0,0,0,2021-03-18
287,冲冲冲,qk53q63,12,7,Takedar,10206408,0,0,0,0,0,0,0,0,1803427,6255115,273796,435104,295401,769401,370889,0,0,1153,0,0,0,2118,0,0,2021-03-18
288,老板,md4enrk,16,0,Jukk,7796631,356720,0,0,170455,0,0,281549,142176,0,1884656,176213,0,4595835,189023,0,0,0,0,0,0,0,0,0,0,2021-03-18
289,老板,md4enrk,16,1,Jukk,0,0,0,0,0,0,0,0,0,0,0,0,0,0,0,0,0,0,0,0,0,0,0,0,0,2021-03-18
290,老板,md4enrk,16,2,Takedar,7587794,0,0,0,0,0,0,0,0,6067414,472342,82053,68439,257213,124285,202466,313578,0,0,0,0,0,0,0,0,2021-03-18
291,老板,md4enrk,16,3,Takedar,1689207,0,0,0,0,0,0,0,0,1689207,0,0,0,0,0,0,0,0,0,0,0,0,0,0,0,2021-03-18
292,老板,md4enrk,16,4,Jukk,6370692,188051,506244,273526,2992208,1677412,222121,320409,190716,0,0,0,0,0,0,0,0,0,0,0,0,0,0,0,0,2021-03-18
293,老板,md4enrk,16,5,Lojak,0,0,0,0,0,0,0,0,0,0,0,0,0,0,0,0,0,0,0,0,0,0,0,0,0,2021-03-18
294,老板,md4enrk,16,6,Takedar,7312437,1782068,683173,425562,3113434,246143,341574,469816,250664,0,0,0,0,0,0,0,0,0,0,0,0,0,0,0,0,2021-03-18
295,老板,md4enrk,16,7,Takedar,0,0,0,0,0,0,0,0,0,0,0,0,0,0,0,0,0,0,0,0,0,0,0,0,0,2021-03-18
296,书生Academy,65eqmym,16,0,Jukk,0,0,0,0,0,0,0,0,0,0,0,0,0,0,0,0,0,0,0,0,0,0,0,0,0,2021-03-18
297,书生Academy,65eqmym,16,1,Jukk,6913135,0,1349849,0,0,0,8803,1247132,4307350,0,0,0,0,0,0,0,0,0,0,0,0,0,0,0,0,2021-03-18
298,书生Academy,65eqmym,16,2,Takedar,0,0,0,0,0,0,0,0,0,0,0,0,0,0,0,0,0,0,0,0,0,0,0,0,0,2021-03-18
299,书生Academy,65eqmym,16,3,Takedar,0,0,0,0,0,0,0,0,0,0,0,0,0,0,0,0,0,0,0,0,0,0,0,0,0,2021-03-18
300,书生Academy,65eqmym,16,4,Jukk,6910608,0,1391243,0,0,478,0,2660556,1455462,0,0,0,0,0,1402867,0,0,0,0,0,0,0,0,0,0,2021-03-18
301,书生Academy,65eqmym,16,5,Lojak,7907810,0,0,0,0,0,0,0,0,1408042,1329471,0,0,6519,239,1613137,3550400,0,0,0,0,0,0,0,0,2021-03-18
302,书生Academy,65eqmym,16,6,Takedar,0,0,0,0,0,0,0,0,0,0,0,0,0,0,0,0,0,0,0,0,0,0,0,0,0,2021-03-18
303,书生Academy,65eqmym,16,7,Takedar,7022810,0,0,0,0,0,0,0,0,1416612,1306091,0,0,0,191,788565,3511349,0,0,0,0,0,0,0,0,2021-03-18
304,泰罗奥特曼,72qkpqp,20,0,Jukk,5241172,31506,0,0,0,0,0,886909,2688527,0,320332,350061,215272,150948,236609,195257,165746,0,0,0,0,0,0,0,0,2021-03-18
305,泰罗奥特曼,72qkpqp,20,1,Jukk,0,0,0,0,0,0,0,0,0,0,0,0,0,0,0,0,0,0,0,0,0,0,0,0,0,2021-03-18
306,泰罗奥特曼,72qkpqp,20,2,Takedar,5238360,163559,2144789,1153910,169845,128298,141713,1205579,130663,0,0,0,0,0,0,0,0,0,0,0,0,0,0,0,0,2021-03-18
307,泰罗奥特曼,72qkpqp,20,3,Takedar,3821241,0,0,0,0,0,0,0,0,1790463,1123670,0,896754,0,10352,0,0,0,0,0,0,0,0,0,0,2021-03-18
308,泰罗奥特曼,72qkpqp,20,4,Jukk,1581388,2262,331642,487510,281019,81681,140338,120123,136808,0,0,0,0,0,0,0,0,0,0,0,0,0,0,0,0,2021-03-18
309,泰罗奥特曼,72qkpqp,20,5,Lojak,2872096,0,0,0,0,0,0,0,0,0,1874027,0,0,0,59353,938371,0,0,0,0,0,0,0,321,22,2021-03-18
310,泰罗奥特曼,72qkpqp,20,6,Takedar,2045359,397057,271822,269801,373639,198528,144671,248832,141007,0,0,0,0,0,0,0,0,0,0,0,0,0,0,0,0,2021-03-18
311,泰罗奥特曼,72qkpqp,20,7,Takedar,5459715,2263955,147217,203378,170884,190127,212189,174563,2097397,0,0,0,0,0,0,0,0,0,0,0,0,0,0,0,0,2021-03-18
312,风归,pmy9pbd,8,0,Jukk,10935748,64970,0,0,0,0,0,0,0,0,2550749,1188373,82054,268078,103556,2320965,4356998,0,0,0,0,0,0,0,0,2021-03-18
313,风归,pmy9pbd,8,1,Jukk,0,0,0,0,0,0,0,0,0,0,0,0,0,0,0,0,0,0,0,0,0,0,0,0,0,2021-03-18
314,风归,pmy9pbd,8,2,Takedar,0,0,0,0,0,0,0,0,0,0,0,0,0,0,0,0,0,0,0,0,0,0,0,0,0,2021-03-18
315,风归,pmy9pbd,8,3,Takedar,0,0,0,0,0,0,0,0,0,0,0,0,0,0,0,0,0,0,0,0,0,0,0,0,0,2021-03-18
316,风归,pmy9pbd,8,4,Jukk,0,0,0,0,0,0,0,0,0,0,0,0,0,0,0,0,0,0,0,0,0,0,0,0,0,2021-03-18
317,风归,pmy9pbd,8,5,Lojak,12164829,7378347,2490512,0,0,0,0,0,0,0,0,1691002,0,604967,0,0,0,0,0,0,0,0,0,0,0,2021-03-18
318,风归,pmy9pbd,8,6,Takedar,0,0,0,0,0,0,0,0,0,0,0,0,0,0,0,0,0,0,0,0,0,0,0,0,0,2021-03-18
319,风归,pmy9pbd,8,7,Takedar,0,0,0,0,0,0,0,0,0,0,0,0,0,0,0,0,0,0,0,0,0,0,0,0,0,2021-03-18
320,剑指苍穹,d55nkr9,12,0,Jukk,7762621,595,4939683,431416,499675,515658,583859,503645,288088,0,0,0,0,0,0,0,0,0,0,0,0,0,0,0,0,2021-03-18
321,剑指苍穹,d55nkr9,12,1,Jukk,0,0,0,0,0,0,0,0,0,0,0,0,0,0,0,0,0,0,0,0,0,0,0,0,0,2021-03-18
322,剑指苍穹,d55nkr9,12,2,Takedar,0,0,0,0,0,0,0,0,0,0,0,0,0,0,0,0,0,0,0,0,0,0,0,0,0,2021-03-18
323,剑指苍穹,d55nkr9,12,3,Takedar,7703955,168284,1612702,0,146923,0,0,0,0,3063256,0,0,0,338534,295982,474856,1603413,0,0,0,0,0,0,0,0,2021-03-18
324,剑指苍穹,d55nkr9,12,4,Jukk,7411579,0,2339803,330340,172208,388146,0,1257388,257504,0,730688,0,0,1492635,442863,0,0,0,0,0,0,0,0,0,0,2021-03-18
325,剑指苍穹,d55nkr9,12,5,Lojak,0,0,0,0,0,0,0,0,0,0,0,0,0,0,0,0,0,0,0,0,0,0,0,0,0,2021-03-18
326,剑指苍穹,d55nkr9,12,6,Takedar,0,0,0,0,0,0,0,0,0,0,0,0,0,0,0,0,0,0,0,0,0,0,0,0,0,2021-03-18
327,剑指苍穹,d55nkr9,12,7,Takedar,0,0,0,0,0,0,0,0,0,0,0,0,0,0,0,0,0,0,0,0,0,0,0,0,0,2021-03-18
328,Sam,5r33qw5,8,0,Jukk,0,0,0,0,0,0,0,0,0,0,0,0,0,0,0,0,0,0,0,0,0,0,0,0,0,2021-03-18
329,Sam,5r33qw5,8,1,Jukk,0,0,0,0,0,0,0,0,0,0,0,0,0,0,0,0,0,0,0,0,0,0,0,0,0,2021-03-18
330,Sam,5r33qw5,8,2,Takedar,10500703,0,5011437,0,0,0,0,0,1570499,0,3918766,0,0,0,0,0,0,0,0,0,0,0,0,0,0,2021-03-18
331,Sam,5r33qw5,8,3,Takedar,0,0,0,0,0,0,0,0,0,0,0,0,0,0,0,0,0,0,0,0,0,0,0,0,0,2021-03-18
332,Sam,5r33qw5,8,4,Jukk,0,0,0,0,0,0,0,0,0,0,0,0,0,0,0,0,0,0,0,0,0,0,0,0,0,2021-03-18
333,Sam,5r33qw5,8,5,Lojak,0,0,0,0,0,0,0,0,0,0,0,0,0,0,0,0,0,0,0,0,0,0,0,0,0,2021-03-18
334,Sam,5r33qw5,8,6,Takedar,10490817,0,0,0,0,1486682,0,0,0,0,8975200,28935,0,0,0,0,0,0,0,0,0,0,0,0,0,2021-03-18
335,Sam,5r33qw5,8,7,Takedar,0,0,0,0,0,0,0,0,0,0,0,0,0,0,0,0,0,0,0,0,0,0,0,0,0,2021-03-18
336,王洋,459k745,12,0,Jukk,0,0,0,0,0,0,0,0,0,0,0,0,0,0,0,0,0,0,0,0,0,0,0,0,0,2021-03-18
337,王洋,459k745,12,1,Jukk,8315232,0,0,0,1190371,0,0,0,0,0,1422189,4021704,378645,350055,407826,282904,261535,0,0,0,0,0,0,0,0,2021-03-18
338,王洋,459k745,12,2,Takedar,3720628,3642406,0,0,0,0,0,0,0,78222,0,0,0,0,0,0,0,0,0,0,0,0,0,0,0,2021-03-18
339,王洋,459k745,12,3,Takedar,3299498,4126,1475178,0,288948,383013,319602,0,223979,0,0,0,0,0,0,604627,0,0,0,22,0,0,0,0,0,2021-03-18
340,王洋,459k745,12,4,Jukk,0,0,0,0,0,0,0,0,0,0,0,0,0,0,0,0,0,0,0,0,0,0,0,0,0,2021-03-18
341,王洋,459k745,12,5,Lojak,5381521,5381521,0,0,0,0,0,0,0,0,0,0,0,0,0,0,0,0,0,0,0,0,0,0,0,2021-03-18
342,王洋,459k745,12,6,Takedar,0,0,0,0,0,0,0,0,0,0,0,0,0,0,0,0,0,0,0,0,0,0,0,0,0,2021-03-18
343,王洋,459k745,12,7,Takedar,0,0,0,0,0,0,0,0,0,0,0,0,0,0,0,0,0,0,0,0,0,0,0,0,0,2021-03-18
344,玖念,rgyn7nx,11,0,Jukk,0,0,0,0,0,0,0,0,0,0,0,0,0,0,0,0,0,0,0,0,0,0,0,0,0,2021-03-18
345,玖念,rgyn7nx,11,1,Jukk,6613003,223,0,0,0,0,0,0,0,0,4279165,160289,42127,263772,1418760,229432,219230,0,0,0,0,0,0,0,0,2021-03-18
346,玖念,rgyn7nx,11,2,Takedar,0,0,0,0,0,0,0,0,0,0,0,0,0,0,0,0,0,0,0,0,0,0,0,0,0,2021-03-18
347,玖念,rgyn7nx,11,3,Takedar,6575512,1761738,2872445,0,252859,0,290083,0,336014,0,0,0,0,0,0,1062372,0,0,0,0,0,0,0,0,0,2021-03-18
348,玖念,rgyn7nx,11,4,Jukk,0,0,0,0,0,0,0,0,0,0,0,0,0,0,0,0,0,0,0,0,0,0,0,0,0,2021-03-18
349,玖念,rgyn7nx,11,5,Lojak,0,0,0,0,0,0,0,0,0,0,0,0,0,0,0,0,0,0,0,0,0,0,0,0,0,2021-03-18
350,玖念,rgyn7nx,11,6,Takedar,5171446,0,0,0,0,0,0,0,0,1502502,2538342,0,0,0,0,0,1130601,0,0,0,0,0,0,0,0,2021-03-18
351,玖念,rgyn7nx,11,7,Takedar,0,0,0,0,0,0,0,0,0,0,0,0,0,0,0,0,0,0,0,0,0,0,0,0,0,2021-03-18
352,︺﹏︺,p5k6p4k,14,0,Jukk,4826195,139095,0,0,0,0,0,0,0,0,664946,1990828,238168,497041,457612,402138,436195,0,0,0,167,0,0,0,0,2021-03-18
353,︺﹏︺,p5k6p4k,14,1,Jukk,0,0,0,0,0,0,0,0,0,0,0,0,0,0,0,0,0,0,0,0,0,0,0,0,0,2021-03-18
354,︺﹏︺,p5k6p4k,14,2,Takedar,0,0,0,0,0,0,0,0,0,0,0,0,0,0,0,0,0,0,0,0,0,0,0,0,0,2021-03-18
355,︺﹏︺,p5k6p4k,14,3,Takedar,0,0,0,0,0,0,0,0,0,0,0,0,0,0,0,0,0,0,0,0,0,0,0,0,0,2021-03-18
356,︺﹏︺,p5k6p4k,14,4,Jukk,4779699,115489,0,0,0,0,0,0,0,0,325628,623341,627414,470561,488321,376502,1752437,0,0,0,0,0,0,0,0,2021-03-18
357,︺﹏︺,p5k6p4k,14,5,Lojak,5736288,0,0,0,0,0,0,1771861,0,485005,1808142,185242,0,190892,431834,514815,348494,0,0,0,0,0,0,0,0,2021-03-18
358,︺﹏︺,p5k6p4k,14,6,Takedar,0,0,0,0,0,0,0,0,0,0,0,0,0,0,0,0,0,0,0,0,0,0,0,0,0,2021-03-18
359,︺﹏︺,p5k6p4k,14,7,Takedar,1953143,0,0,0,0,0,0,0,0,0,0,416067,716089,365311,0,452040,0,484,1189,0,0,0,1520,0,440,2021-03-18
360,一个复古风,y66xd7n,7,0,Jukk,0,0,0,0,0,0,0,0,0,0,0,0,0,0,0,0,0,0,0,0,0,0,0,0,0,2021-03-18
361,一个复古风,y66xd7n,7,1,Jukk,0,0,0,0,0,0,0,0,0,0,0,0,0,0,0,0,0,0,0,0,0,0,0,0,0,2021-03-18
362,一个复古风,y66xd7n,7,2,Takedar,0,0,0,0,0,0,0,0,0,0,0,0,0,0,0,0,0,0,0,0,0,0,0,0,0,2021-03-18
363,一个复古风,y66xd7n,7,3,Takedar,8569557,0,12741,0,0,656427,467436,0,76239,0,0,0,0,7282245,0,74467,0,0,0,0,0,0,0,0,0,2021-03-18
364,一个复古风,y66xd7n,7,4,Jukk,0,0,0,0,0,0,0,0,0,0,0,0,0,0,0,0,0,0,0,0,0,0,0,0,0,2021-03-18
365,一个复古风,y66xd7n,7,5,Lojak,0,0,0,0,0,0,0,0,0,0,0,0,0,0,0,0,0,0,0,0,0,0,0,0,0,2021-03-18
366,一个复古风,y66xd7n,7,6,Takedar,6868362,0,0,0,0,106582,0,0,0,0,0,4402979,0,2357804,0,0,0,0,0,996,0,0,0,0,0,2021-03-18
367,一个复古风,y66xd7n,7,7,Takedar,0,0,0,0,0,0,0,0,0,0,0,0,0,0,0,0,0,0,0,0,0,0,0,0,0,2021-03-18
368,胖子小男孩,d2w2qe2,8,0,Jukk,0,0,0,0,0,0,0,0,0,0,0,0,0,0,0,0,0,0,0,0,0,0,0,0,0,2021-03-18
369,胖子小男孩,d2w2qe2,8,1,Jukk,0,0,0,0,0,0,0,0,0,0,0,0,0,0,0,0,0,0,0,0,0,0,0,0,0,2021-03-18
370,胖子小男孩,d2w2qe2,8,2,Takedar,0,0,0,0,0,0,0,0,0,0,0,0,0,0,0,0,0,0,0,0,0,0,0,0,0,2021-03-18
371,胖子小男孩,d2w2qe2,8,3,Takedar,7509617,2644535,1777714,1626195,0,0,0,1461172,0,0,0,0,0,0,0,0,0,0,0,0,0,0,0,0,0,2021-03-18
372,胖子小男孩,d2w2qe2,8,4,Jukk,0,0,0,0,0,0,0,0,0,0,0,0,0,0,0,0,0,0,0,0,0,0,0,0,0,2021-03-18
373,胖子小男孩,d2w2qe2,8,5,Lojak,0,0,0,0,0,0,0,0,0,0,0,0,0,0,0,0,0,0,0,0,0,0,0,0,0,2021-03-18
374,胖子小男孩,d2w2qe2,8,6,Takedar,7697350,0,0,0,0,1487009,0,0,0,2658747,1899630,1651962,0,0,0,0,0,0,0,0,0,0,0,0,0,2021-03-18
375,胖子小男孩,d2w2qe2,8,7,Takedar,0,0,0,0,0,0,0,0,0,0,0,0,0,0,0,0,0,0,0,0,0,0,0,0,0,2021-03-18
376,断吴恒,d234wb5,3,0,Jukk,0,0,0,0,0,0,0,0,0,0,0,0,0,0,0,0,0,0,0,0,0,0,0,0,0,2021-03-18
377,断吴恒,d234wb5,3,1,Jukk,9192970,329,0,0,0,0,0,0,0,0,659475,3643429,3055823,324573,870216,340038,296683,0,0,2402,0,0,0,0,0,2021-03-18
378,断吴恒,d234wb5,3,2,Takedar,0,0,0,0,0,0,0,0,0,0,0,0,0,0,0,0,0,0,0,0,0,0,0,0,0,2021-03-18
379,断吴恒,d234wb5,3,3,Takedar,0,0,0,0,0,0,0,0,0,0,0,0,0,0,0,0,0,0,0,0,0,0,0,0,0,2021-03-18
380,断吴恒,d234wb5,3,4,Jukk,0,0,0,0,0,0,0,0,0,0,0,0,0,0,0,0,0,0,0,0,0,0,0,0,0,2021-03-18
381,断吴恒,d234wb5,3,5,Lojak,0,0,0,0,0,0,0,0,0,0,0,0,0,0,0,0,0,0,0,0,0,0,0,0,0,2021-03-18
382,断吴恒,d234wb5,3,6,Takedar,0,0,0,0,0,0,0,0,0,0,0,0,0,0,0,0,0,0,0,0,0,0,0,0,0,2021-03-18
383,断吴恒,d234wb5,3,7,Takedar,0,0,0,0,0,0,0,0,0,0,0,0,0,0,0,0,0,0,0,0,0,0,0,0,0,2021-03-18
384,Mr,w5g39wy,1,0,Jukk,0,0,0,0,0,0,0,0,0,0,0,0,0,0,0,0,0,0,0,0,0,0,0,0,0,2021-03-18
385,Mr,w5g39wy,1,1,Jukk,0,0,0,0,0,0,0,0,0,0,0,0,0,0,0,0,0,0,0,0,0,0,0,0,0,2021-03-18
386,Mr,w5g39wy,1,2,Takedar,0,0,0,0,0,0,0,0,0,0,0,0,0,0,0,0,0,0,0,0,0,0,0,0,0,2021-03-18
387,Mr,w5g39wy,1,3,Takedar,1601351,0,1597110,0,0,0,0,0,0,4240,0,0,0,0,0,0,0,0,0,0,0,0,0,0,0,2021-03-18
388,Mr,w5g39wy,1,4,Jukk,0,0,0,0,0,0,0,0,0,0,0,0,0,0,0,0,0,0,0,0,0,0,0,0,0,2021-03-18
389,Mr,w5g39wy,1,5,Lojak,0,0,0,0,0,0,0,0,0,0,0,0,0,0,0,0,0,0,0,0,0,0,0,0,0,2021-03-18
390,Mr,w5g39wy,1,6,Takedar,0,0,0,0,0,0,0,0,0,0,0,0,0,0,0,0,0,0,0,0,0,0,0,0,0,2021-03-18
391,Mr,w5g39wy,1,7,Takedar,0,0,0,0,0,0,0,0,0,0,0,0,0,0,0,0,0,0,0,0,0,0,0,0,0,2021-03-18
