玩家名称,玩家编号,总突击伤害,泰坦编号,泰坦名称,泰坦伤害,头部(装甲),身体(装甲),左臂(装甲),右臂(装甲),左手(装甲),右手(装甲),左腿(装甲),右腿(装甲),头部(肉体),身体(肉体),左臂(肉体),右臂(肉体),左手(肉体),右手(肉体),左腿(肉体),右腿(肉体),头部(骨架),身体(骨架),左臂(骨架),右臂(骨架),左手(骨架),右手(骨架),左腿(骨架),右腿(骨架)
⑨鱼,xnxdx22,24,0,Sterl,12660362,0,0,0,0,0,0,0,0,0,3364254,0,0,0,0,8710565,583159,0,0,0,0,0,0,0,2382
⑨鱼,xnxdx22,24,1,Lojak,20672012,1819473,14157477,922187,0,401833,0,1153075,832353,0,0,221335,0,430460,733815,0,0,0,0,0,0,0,0,0,0
⑨鱼,xnxdx22,24,2,Lojak,7888808,868808,842187,0,0,0,0,286764,0,0,3719692,561713,0,336425,515204,0,758013,0,0,0,0,0,0,0,0
⑨鱼,xnxdx22,24,3,Mohaca,26701787,6408831,672,4010239,3357726,0,0,0,3714569,6695479,0,23752,159012,611069,669412,583347,467673,0,0,0,0,0,0,0,0
⑨鱼,xnxdx22,24,4,Mohaca,17358801,0,37191,0,817540,0,625799,215203,285340,824781,0,597908,0,597621,0,6496640,6860774,0,0,0,0,0,0,0,0
⑨鱼,xnxdx22,24,5,Mohaca,7388514,0,26070,0,0,0,0,0,0,957407,0,679131,513923,395548,809145,317199,3690088,0,0,0,0,0,0,0,0
⑨鱼,xnxdx22,24,6,Lojak,10051463,0,2397050,0,0,0,0,0,984022,0,6670389,0,0,0,0,0,0,0,0,0,0,0,0,0,0
剑圣二次污染,523dqmp,28,0,Sterl,12246549,0,3031857,517516,10149,496736,4677680,2538856,448985,0,0,0,0,524767,0,0,0,0,0,0,0,0,0,0,0
剑圣二次污染,523dqmp,28,1,Lojak,12118840,0,0,0,36037,0,0,2983221,0,541493,3335307,4668812,0,0,0,0,553848,0,0,0,0,119,0,0,0
剑圣二次污染,523dqmp,28,2,Lojak,12388610,326069,2979021,391117,0,4655456,0,2769883,0,0,0,0,0,0,549911,0,717150,0,0,0,0,0,0,0,0
剑圣二次污染,523dqmp,28,3,Mohaca,12617211,0,20066,0,0,0,0,0,0,3097611,0,462701,309699,434465,4722104,3198390,372172,0,0,0,0,0,0,0,0
剑圣二次污染,523dqmp,28,4,Mohaca,0,0,0,0,0,0,0,0,0,0,0,0,0,0,0,0,0,0,0,0,0,0,0,0,0
剑圣二次污染,523dqmp,28,5,Mohaca,25556760,3013735,43787,410430,287192,430991,4569627,2982448,309435,3102798,0,323090,440142,676540,5203510,3298259,464650,0,0,119,0,0,0,0,0
剑圣二次污染,523dqmp,28,6,Lojak,12425751,0,0,0,59058,0,0,0,0,3465798,3635530,401439,0,0,441832,0,4422091,0,0,0,0,0,0,0,0
渡红尘,5288gen,28,0,Sterl,0,0,0,0,0,0,0,0,0,0,0,0,0,0,0,0,0,0,0,0,0,0,0,0,0
渡红尘,5288gen,28,1,Lojak,22511896,6472596,4810921,0,0,0,0,2469894,0,6369340,2389142,0,0,0,0,0,0,0,0,0,0,0,0,0,0
渡红尘,5288gen,28,2,Lojak,0,0,0,0,0,0,0,0,0,0,0,0,0,0,0,0,0,0,0,0,0,0,0,0,0
渡红尘,5288gen,28,3,Mohaca,22972876,6618042,0,1883809,9105,0,4696925,0,0,6508243,0,0,65065,63959,2596465,79119,452139,0,0,0,0,0,0,0,0
渡红尘,5288gen,28,4,Mohaca,0,0,0,0,0,0,0,0,0,0,0,0,0,0,0,0,0,0,0,0,0,0,0,0,0
渡红尘,5288gen,28,5,Mohaca,13500636,6115230,0,0,5241,0,2523605,0,0,401438,0,884,1191,2191134,2261908,0,0,0,0,0,0,0,0,0,0
渡红尘,5288gen,28,6,Lojak,20714921,6592260,2880874,0,2374,0,0,0,0,6375830,2671949,0,0,0,2191631,0,0,0,0,0,0,0,0,0,0
舞醉剑,rq79w8n,24,0,Sterl,0,0,0,0,0,0,0,0,0,0,0,0,0,0,0,0,0,0,0,0,0,0,0,0,0
舞醉剑,rq79w8n,24,1,Lojak,25999841,0,2738696,458271,0,438323,3723882,515714,543583,3940895,7566443,0,0,0,4449660,0,1622248,0,0,0,0,0,0,0,2123
舞醉剑,rq79w8n,24,2,Lojak,12954026,7816118,2650231,0,0,0,0,0,0,0,0,2487675,0,0,0,0,0,0,0,0,0,0,0,0,0
舞醉剑,rq79w8n,24,3,Mohaca,0,0,0,0,0,0,0,0,0,0,0,0,0,0,0,0,0,0,0,0,0,0,0,0,0
舞醉剑,rq79w8n,24,4,Mohaca,12704069,2583660,0,0,0,0,0,0,2430672,7689736,0,0,0,0,0,0,0,0,0,0,0,0,0,0,0
舞醉剑,rq79w8n,24,5,Mohaca,12815202,2627094,0,0,0,0,0,0,2416910,0,0,3184757,0,4586439,0,0,0,0,0,0,0,0,0,0,0
舞醉剑,rq79w8n,24,6,Lojak,13137850,2608802,4734718,540239,0,756164,474150,3628751,395023,0,0,0,0,0,0,0,0,0,0,0,0,0,0,0,0
wh,ng64n3n,20,0,Sterl,13488207,0,3060512,6411221,0,720043,2086727,496862,649602,0,0,61714,0,1522,0,0,0,0,0,0,0,0,0,0,0
wh,ng64n3n,20,1,Lojak,14028729,0,0,0,0,0,0,235766,0,476743,3386123,2133360,0,0,0,7078979,715940,0,0,1814,0,0,0,0,0
wh,ng64n3n,20,2,Lojak,4162154,0,0,0,0,0,0,0,0,0,4162154,0,0,0,0,0,0,0,0,0,0,0,0,0,0
wh,ng64n3n,20,3,Mohaca,24273462,585514,304,399085,423321,912921,327962,7278285,504953,0,0,2621326,6106886,1437033,380799,1802654,1479071,0,0,6237,0,429,6673,0,0
wh,ng64n3n,20,4,Mohaca,0,0,0,0,0,0,0,0,0,0,0,0,0,0,0,0,0,0,0,0,0,0,0,0,0
wh,ng64n3n,20,5,Mohaca,14864424,687413,1802,0,1186620,8224542,877683,2195613,821846,0,0,718141,0,150759,0,0,0,0,0,0,0,0,0,0,0
wh,ng64n3n,20,6,Lojak,0,0,0,0,0,0,0,0,0,0,0,0,0,0,0,0,0,0,0,0,0,0,0,0,0
随遇而安,p7k86mx,24,0,Sterl,10923717,0,0,0,0,0,0,0,0,0,10923717,0,0,0,0,0,0,0,0,0,0,0,0,0,0
随遇而安,p7k86mx,24,1,Lojak,0,0,0,0,0,0,0,0,0,0,0,0,0,0,0,0,0,0,0,0,0,0,0,0,0
随遇而安,p7k86mx,24,2,Lojak,23436129,289170,7242010,377492,0,379518,323271,3033859,202032,0,11588772,0,0,0,0,0,0,0,0,0,0,0,0,0,0
随遇而安,p7k86mx,24,3,Mohaca,0,0,0,0,0,0,0,0,0,0,0,0,0,0,0,0,0,0,0,0,0,0,0,0,0
随遇而安,p7k86mx,24,4,Mohaca,11782182,4731038,1686,571368,448139,364376,257642,3006040,2401888,0,0,0,0,0,0,0,0,0,0,0,0,0,0,0,0
随遇而安,p7k86mx,24,5,Mohaca,11641666,7549655,2633,0,415863,383054,418922,2487392,383855,0,0,288,0,0,0,0,0,0,0,0,0,0,0,0,0
随遇而安,p7k86mx,24,6,Lojak,11725281,385341,9737306,417159,0,0,463654,470389,251429,0,0,0,0,0,0,0,0,0,0,0,0,0,0,0,0
cong,gmyr876,24,0,Sterl,11096744,0,0,0,0,0,0,2603991,0,0,6682907,0,0,0,1809817,0,0,0,0,0,0,27,0,0,0
cong,gmyr876,24,1,Lojak,11855072,0,0,0,0,0,0,0,0,7028780,1765866,0,0,0,0,0,3060396,0,0,0,0,0,27,0,0
cong,gmyr876,24,2,Lojak,9470596,0,0,0,0,0,0,0,0,0,9470596,0,0,0,0,0,0,0,0,0,0,0,0,0,0
cong,gmyr876,24,3,Mohaca,8397071,1936246,555,2485,0,1794031,0,0,0,1908337,0,0,0,0,0,0,2755415,0,0,0,0,0,0,0,0
cong,gmyr876,24,4,Mohaca,16969305,5544023,15146,0,0,0,0,0,0,436963,0,183009,189465,216356,279585,5672481,4432271,0,0,0,0,0,0,0,0
cong,gmyr876,24,5,Mohaca,9443131,0,0,0,0,0,0,0,0,1862018,0,0,0,0,731,0,7580381,0,0,0,0,0,0,0,0
cong,gmyr876,24,6,Lojak,1750070,0,0,0,0,0,0,0,1750070,0,0,0,0,0,0,0,0,0,0,0,0,0,0,0,0
书生学院,r5xpnx5,28,0,Sterl,3669926,0,0,0,0,0,0,0,0,0,3669926,0,0,0,0,0,0,0,0,0,0,0,0,0,0
书生学院,r5xpnx5,28,1,Lojak,5640619,1771073,262,0,0,0,8432,0,3860852,0,0,0,0,0,0,0,0,0,0,0,0,0,0,0,0
书生学院,r5xpnx5,28,2,Lojak,9742695,0,1812212,0,0,0,1457,6291,6279033,0,0,0,0,0,0,0,1643700,0,0,0,0,0,0,0,0
书生学院,r5xpnx5,28,3,Mohaca,9463824,1915848,0,0,0,0,0,1455571,6092404,0,0,0,0,0,0,0,0,0,0,0,0,0,0,0,0
书生学院,r5xpnx5,28,4,Mohaca,9523846,0,9546,0,0,0,262,3858609,2398411,1910499,0,1346517,0,0,0,0,0,0,0,0,0,0,0,0,0
书生学院,r5xpnx5,28,5,Mohaca,10056016,1920397,262,0,0,0,10956,8043,6516910,0,0,0,0,1599447,0,0,0,0,0,0,0,0,0,0,0
书生学院,r5xpnx5,28,6,Lojak,20035054,0,0,524,0,0,0,171863,989052,6099135,3711285,1581210,0,0,0,5192882,2289101,0,0,0,0,0,0,0,0
幸运超人,y9dge4n,25,0,Sterl,0,0,0,0,0,0,0,0,0,0,0,0,0,0,0,0,0,0,0,0,0,0,0,0,0
幸运超人,y9dge4n,25,1,Lojak,22300674,6694166,2306705,0,0,0,0,2074728,0,0,11222461,0,0,0,0,0,0,234,2378,0,0,0,0,0,0
幸运超人,y9dge4n,25,2,Lojak,11261747,0,0,0,0,0,0,0,0,8286595,2975151,0,0,0,0,0,0,0,0,0,0,0,0,0,0
幸运超人,y9dge4n,25,3,Mohaca,10672558,0,17888,0,0,0,0,0,0,0,0,6246384,516151,2597708,0,622088,670365,0,0,498,0,58,1415,0,0
幸运超人,y9dge4n,25,4,Mohaca,10320344,0,25507,0,0,0,0,0,0,587341,0,0,5910612,0,1891859,0,1904335,0,0,0,0,0,688,0,0
幸运超人,y9dge4n,25,5,Mohaca,0,0,0,0,0,0,0,0,0,0,0,0,0,0,0,0,0,0,0,0,0,0,0,0,0
幸运超人,y9dge4n,25,6,Lojak,13506133,0,0,0,0,0,0,0,0,4172518,4466253,0,0,0,0,4867361,0,0,0,0,0,0,0,0,0
Jasbling,6567qp8,28,0,Sterl,5411547,0,0,0,0,0,0,0,0,0,5411547,0,0,0,0,0,0,0,0,0,0,0,0,0,0
Jasbling,6567qp8,28,1,Lojak,14140485,4536794,952117,1062184,0,605709,581975,1057986,2664472,0,2162859,0,0,0,516385,0,0,0,0,0,0,0,0,0,0
Jasbling,6567qp8,28,2,Lojak,10005105,3972273,424289,0,0,0,0,2016382,0,0,2253238,336996,0,293465,331636,0,376823,0,0,0,0,0,0,0,0
Jasbling,6567qp8,28,3,Mohaca,7912145,393505,1026,393163,3631463,2125414,0,0,0,0,0,0,0,0,437697,500911,428962,0,0,0,0,0,0,0,0
Jasbling,6567qp8,28,4,Mohaca,11456857,330932,10752,223315,321903,283498,257296,273581,162240,681603,0,620731,546915,443342,438290,6073785,788669,0,0,0,0,0,0,0,0
Jasbling,6567qp8,28,5,Mohaca,9642137,0,47729,0,0,0,0,0,0,663809,0,896817,572186,379701,499542,3945507,2636843,0,0,0,0,0,0,0,0
Jasbling,6567qp8,28,6,Lojak,9311986,0,0,0,0,0,0,0,0,2390907,3822575,358058,0,0,203876,278064,2258504,0,0,0,0,0,0,0,0
yycxx,b65mrx8,24,0,Sterl,11340527,17607,1287515,1089780,0,2448611,892255,539956,376010,0,0,0,0,4688789,0,0,0,0,0,0,0,0,0,0,0
yycxx,b65mrx8,24,1,Lojak,10950608,1302712,699885,644300,19711,3733155,0,479955,866806,0,0,0,0,3002692,201391,0,0,0,0,0,0,0,0,0,0
yycxx,b65mrx8,24,2,Lojak,10107120,0,0,0,0,0,0,0,0,7297373,2809676,0,0,0,0,0,0,0,0,0,0,0,0,69,0
yycxx,b65mrx8,24,3,Mohaca,0,0,0,0,0,0,0,0,0,0,0,0,0,0,0,0,0,0,0,0,0,0,0,0,0
yycxx,b65mrx8,24,4,Mohaca,11541914,0,35326,0,0,0,445862,0,0,1335235,0,577502,867583,559399,4551932,485676,2683395,0,0,0,0,0,0,0,0
yycxx,b65mrx8,24,5,Mohaca,8650030,0,54853,0,0,0,0,0,0,816849,0,0,0,1301216,541880,1660123,4269719,139,0,0,0,625,4622,0,0
yycxx,b65mrx8,24,6,Lojak,14733817,454783,787862,362909,36661,310511,594549,326400,179761,1140709,1763848,5016372,0,0,491089,1355184,1911597,0,0,0,0,0,0,1575,0
RiNK,52ymnnk,28,0,Sterl,9406715,0,1820734,521130,0,5831090,445985,416459,371316,0,0,0,0,0,0,0,0,0,0,0,0,0,0,0,0
RiNK,52ymnnk,28,1,Lojak,9188661,0,0,0,0,0,0,0,0,5344601,1865495,0,0,0,0,1978564,0,0,0,0,0,0,0,0,0
RiNK,52ymnnk,28,2,Lojak,9603733,3547228,1790397,697549,0,235145,0,447823,0,0,0,0,0,0,2672429,0,213160,0,0,0,0,0,0,0,0
RiNK,52ymnnk,28,3,Mohaca,9599456,5286505,516,359250,403522,87653,334346,0,0,0,0,0,0,0,2330945,502776,293939,0,0,0,0,0,0,0,0
RiNK,52ymnnk,28,4,Mohaca,9354644,0,0,0,417223,0,194508,0,31811,5128367,0,194237,72109,2536798,0,466600,312987,0,0,0,0,0,0,0,0
RiNK,52ymnnk,28,5,Mohaca,5850878,0,0,0,0,0,0,0,0,0,0,0,0,242549,0,2094100,3514228,0,0,0,0,0,0,0,0
RiNK,52ymnnk,28,6,Lojak,13338513,0,1850583,713220,0,0,434863,457309,923147,3506295,1761220,0,0,489514,2580361,621642,0,0,0,0,0,355,0,0,0
pater,b2rmkk3,24,0,Sterl,10749687,0,0,0,0,0,0,1700288,0,0,6991957,0,0,0,0,0,2057440,0,0,0,0,0,0,0,0
pater,b2rmkk3,24,1,Lojak,11528088,0,0,0,0,0,0,0,0,6267052,5261035,0,0,0,0,0,0,0,0,0,0,0,0,0,0
pater,b2rmkk3,24,2,Lojak,11045551,0,0,0,0,0,0,0,0,6369351,2636733,0,0,0,0,2039466,0,0,0,0,0,0,0,0,0
pater,b2rmkk3,24,3,Mohaca,11243456,470269,0,957875,0,1565505,0,0,0,6109680,0,0,0,2140126,0,0,0,0,0,0,0,0,0,0,0
pater,b2rmkk3,24,4,Mohaca,0,0,0,0,0,0,0,0,0,0,0,0,0,0,0,0,0,0,0,0,0,0,0,0,0
pater,b2rmkk3,24,5,Mohaca,12617268,0,271,0,0,0,0,0,0,2228643,0,0,6345357,0,2033782,0,2009213,0,0,0,0,0,0,0,0
pater,b2rmkk3,24,6,Lojak,9036117,6443581,2592536,0,0,0,0,0,0,0,0,0,0,0,0,0,0,0,0,0,0,0,0,0,0
gegeeey,b6667p5,24,0,Sterl,10428223,0,0,0,0,0,0,2033587,0,0,2176526,0,0,0,0,0,6218110,0,0,0,0,0,0,0,0
gegeeey,b6667p5,24,1,Lojak,0,0,0,0,0,0,0,0,0,0,0,0,0,0,0,0,0,0,0,0,0,0,0,0,0
gegeeey,b6667p5,24,2,Lojak,22238420,913270,2862421,4104945,0,280039,0,3306616,0,2285851,2549488,0,0,0,0,5935788,0,0,0,0,0,0,0,0,0
gegeeey,b6667p5,24,3,Mohaca,0,0,0,0,0,0,0,0,0,0,0,0,0,0,0,0,0,0,0,0,0,0,0,0,0
gegeeey,b6667p5,24,4,Mohaca,22411872,0,17847,0,0,491208,0,6611699,1948813,2052040,0,0,0,104394,0,2262745,8923123,0,0,0,0,0,0,0,0
gegeeey,b6667p5,24,5,Mohaca,0,0,0,0,0,0,0,0,0,0,0,0,0,0,0,0,0,0,0,0,0,0,0,0,0
gegeeey,b6667p5,24,6,Lojak,10872817,0,0,0,0,0,1540612,0,6867781,0,2225659,0,0,0,238764,0,0,0,0,0,0,0,0,0,0
狗蛋ღ,yg8x58q,28,0,Sterl,7050745,0,0,0,0,0,0,0,0,0,7050745,0,0,0,0,0,0,0,0,0,0,0,0,0,0
狗蛋ღ,yg8x58q,28,1,Lojak,11435226,5725796,621933,2601441,20974,562577,0,615182,635170,0,0,0,0,0,652150,0,0,0,0,0,0,0,0,0,0
狗蛋ღ,yg8x58q,28,2,Lojak,9481195,5632724,313755,0,26583,0,0,365000,0,0,0,2295737,0,317587,247502,0,282304,0,0,0,0,0,0,0,0
狗蛋ღ,yg8x58q,28,3,Mohaca,9404228,0,13820,0,0,0,0,0,0,2030557,0,2223224,299867,321113,285522,245262,3984859,0,0,0,0,0,0,0,0
狗蛋ღ,yg8x58q,28,4,Mohaca,7513416,0,13820,0,0,0,0,0,0,236111,0,2204647,3995367,221276,243332,306816,292043,0,0,0,0,0,0,0,0
狗蛋ღ,yg8x58q,28,5,Mohaca,11253405,1731876,13879,0,0,0,0,0,0,1991798,0,251044,2316315,302661,4103780,272347,269701,0,0,0,0,0,0,0,0
狗蛋ღ,yg8x58q,28,6,Lojak,9174221,0,0,1978987,22448,0,0,0,339612,1971813,3917485,304570,0,0,332893,306385,0,0,0,0,0,24,0,0,0
三千剑气开天门,mng2634,22,0,Sterl,11530473,0,0,0,0,0,0,0,9007135,0,2493608,0,0,0,0,0,29729,0,0,0,0,0,0,0,0
三千剑气开天门,mng2634,22,1,Lojak,11495657,0,0,0,0,0,0,0,0,0,2461850,0,0,0,0,3537632,5495760,0,0,0,0,0,0,414,0
三千剑气开天门,mng2634,22,2,Lojak,11480502,0,0,0,1175,0,0,0,0,0,2385215,0,0,0,1797951,5080870,2212369,0,0,0,0,147,2121,0,651
三千剑气开天门,mng2634,22,3,Mohaca,9257946,0,0,0,0,0,0,0,0,0,0,0,5088351,0,0,4169357,0,0,0,0,0,0,237,0,0
三千剑气开天门,mng2634,22,4,Mohaca,9576712,0,0,0,0,0,0,0,0,2405686,0,0,0,0,7171026,0,0,0,0,0,0,0,0,0,0
三千剑气开天门,mng2634,22,5,Mohaca,0,0,0,0,0,0,0,0,0,0,0,0,0,0,0,0,0,0,0,0,0,0,0,0,0
三千剑气开天门,mng2634,22,6,Lojak,11969833,0,2453411,1873679,0,775403,0,4527797,0,0,0,0,0,2339541,0,0,0,0,0,0,0,0,0,0,0
迪奥斯先生,p2dbk3,24,0,Sterl,8553116,567,4861346,0,0,0,0,2132335,0,0,1558052,0,0,815,0,0,0,0,0,0,0,0,0,0,0
迪奥斯先生,p2dbk3,24,1,Lojak,2422667,458367,298919,324828,0,248809,0,344130,370278,0,0,0,0,0,377333,0,0,0,0,0,0,0,0,0,0
迪奥斯先生,p2dbk3,24,2,Lojak,18237129,293738,11648667,0,7121,0,0,338545,0,0,0,357540,0,220178,506194,0,4865144,0,0,0,0,0,0,0,0
迪奥斯先生,p2dbk3,24,3,Mohaca,10810277,0,1419,0,0,0,0,0,0,6955250,0,268777,184126,2455515,505717,259734,179735,0,0,0,0,0,0,0,0
迪奥斯先生,p2dbk3,24,4,Mohaca,10508107,0,2128,0,0,0,0,0,0,483539,0,333419,393384,6264001,562899,212865,2255870,0,0,0,0,0,0,0,0
迪奥斯先生,p2dbk3,24,5,Mohaca,0,0,0,0,0,0,0,0,0,0,0,0,0,0,0,0,0,0,0,0,0,0,0,0,0
迪奥斯先生,p2dbk3,24,6,Lojak,9517339,729981,5674476,252898,184045,0,2255704,212243,207990,0,0,0,0,0,0,0,0,0,0,0,0,0,0,0,0
Alex,p7qkn7y,20,0,Sterl,0,0,0,0,0,0,0,0,0,0,0,0,0,0,0,0,0,0,0,0,0,0,0,0,0
Alex,p7qkn7y,20,1,Lojak,11784895,376083,9475946,705132,0,260654,0,281593,199501,0,0,0,0,0,485984,0,0,0,0,0,0,0,0,0,0
Alex,p7qkn7y,20,2,Lojak,12003560,688741,9426128,425004,556988,96958,0,364614,0,0,0,0,0,0,252184,0,192940,0,0,0,0,0,0,0,0
Alex,p7qkn7y,20,3,Mohaca,6776745,0,0,0,0,0,0,2424760,4351984,0,0,0,0,0,0,0,0,0,0,0,0,0,0,0,0
Alex,p7qkn7y,20,4,Mohaca,12443461,0,536,0,483604,556321,425397,2795681,5028083,2786571,0,367265,0,0,0,0,0,0,0,0,0,0,0,0,0
Alex,p7qkn7y,20,5,Mohaca,11303221,0,26799,0,0,0,0,0,0,471063,0,0,605035,449958,349607,6625647,2772829,0,0,2011,268,0,0,0,0
Alex,p7qkn7y,20,6,Lojak,5233454,0,0,0,446240,0,0,0,0,620055,2941767,707585,0,0,257119,0,260631,0,0,0,0,53,0,0,0
风清,7nr6628,28,0,Sterl,7652031,0,0,0,0,0,0,504999,1933913,0,4974223,0,0,59950,178919,0,0,0,0,0,0,23,0,0,0
风清,7nr6628,28,1,Lojak,8419842,38584,372481,0,0,0,0,207508,388340,1821465,3115594,364948,0,326320,0,0,1784598,0,0,0,0,0,0,0,0
风清,7nr6628,28,2,Lojak,8350042,1772958,3308736,689211,0,0,0,339811,0,0,0,1473680,0,84612,335657,0,345374,0,0,0,0,0,0,0,0
风清,7nr6628,28,3,Mohaca,8851091,185135,17270,578368,394796,190946,0,0,0,1766331,0,3364483,0,0,122725,2132432,98599,0,0,0,0,0,0,0,0
风清,7nr6628,28,4,Mohaca,8739325,0,16808,0,0,0,0,0,0,2012129,0,315646,426169,290651,168377,3414157,2095384,0,0,0,0,0,0,0,0
风清,7nr6628,28,5,Mohaca,1827757,0,16320,0,0,0,0,0,0,323790,0,313722,421161,226159,183432,162679,180490,0,0,0,0,0,0,0,0
风清,7nr6628,28,6,Lojak,15278624,1657794,3112966,0,0,0,0,0,1808723,1995676,3753490,288748,0,0,323977,182330,2154916,0,0,0,0,0,0,0,0
*･'(*ﾟ▽ﾟ*)'･*,32d47b9,22,0,Sterl,3538260,0,0,0,0,0,0,0,0,0,2573813,0,0,0,0,964446,0,0,0,0,0,0,0,0,0
*･'(*ﾟ▽ﾟ*)'･*,32d47b9,22,1,Lojak,17155422,4531232,495538,442692,2335,186798,0,425476,243214,6449116,1787428,465878,0,140542,598191,0,1386851,0,0,0,0,75,50,0,0
*･'(*ﾟ▽ﾟ*)'･*,32d47b9,22,2,Lojak,9872774,0,0,0,0,0,0,0,0,7208228,2664545,0,0,0,0,0,0,0,0,0,0,0,0,0,0
*･'(*ﾟ▽ﾟ*)'･*,32d47b9,22,3,Mohaca,0,0,0,0,0,0,0,0,0,0,0,0,0,0,0,0,0,0,0,0,0,0,0,0,0
*･'(*ﾟ▽ﾟ*)'･*,32d47b9,22,4,Mohaca,11043021,6723211,39626,1905337,465587,1086075,390706,190863,241613,0,0,0,0,0,0,0,0,0,0,0,0,0,0,0,0
*･'(*ﾟ▽ﾟ*)'･*,32d47b9,22,5,Mohaca,0,0,0,0,0,0,0,0,0,0,0,0,0,0,0,0,0,0,0,0,0,0,0,0,0
*･'(*ﾟ▽ﾟ*)'･*,32d47b9,22,6,Lojak,16823795,7424471,1431851,501729,25672,0,611302,153419,485684,0,6022747,0,0,165336,0,0,0,1250,327,0,0,0,0,0,0
雪中悍刀行,2ww84em,16,0,Sterl,13232198,10634,8225978,0,0,0,0,357655,3380849,0,0,426473,0,393604,437002,0,0,0,0,0,0,0,0,0,0
雪中悍刀行,2ww84em,16,1,Lojak,14143439,0,0,0,0,0,0,0,0,7638195,3232120,0,0,0,0,0,3273124,0,0,0,0,0,0,0,0
雪中悍刀行,2ww84em,16,2,Lojak,0,0,0,0,0,0,0,0,0,0,0,0,0,0,0,0,0,0,0,0,0,0,0,0,0
雪中悍刀行,2ww84em,16,3,Mohaca,0,0,0,0,0,0,0,0,0,0,0,0,0,0,0,0,0,0,0,0,0,0,0,0,0
雪中悍刀行,2ww84em,16,4,Mohaca,0,0,0,0,0,0,0,0,0,0,0,0,0,0,0,0,0,0,0,0,0,0,0,0,0
雪中悍刀行,2ww84em,16,5,Mohaca,29270729,432470,5168,623857,787790,313281,306837,3599083,432060,16710668,0,177890,579367,343012,629035,3979974,350230,0,0,0,0,0,0,0,0
雪中悍刀行,2ww84em,16,6,Lojak,0,0,0,0,0,0,0,0,0,0,0,0,0,0,0,0,0,0,0,0,0,0,0,0,0
Liquid,6r922bx,19,0,Sterl,10171432,860,0,0,0,0,0,0,0,0,6041368,0,0,0,0,4129204,0,0,0,0,0,0,0,0,0
Liquid,6r922bx,19,1,Lojak,9405394,0,0,0,0,0,0,0,0,0,9405394,0,0,0,0,0,0,0,0,0,0,0,0,0,0
Liquid,6r922bx,19,2,Lojak,0,0,0,0,0,0,0,0,0,0,0,0,0,0,0,0,0,0,0,0,0,0,0,0,0
Liquid,6r922bx,19,3,Mohaca,0,0,0,0,0,0,0,0,0,0,0,0,0,0,0,0,0,0,0,0,0,0,0,0,0
Liquid,6r922bx,19,4,Mohaca,21846239,4297512,112984,811507,654146,561831,3496781,462288,503882,736178,0,732819,438857,4728272,572105,3154862,582207,0,0,0,0,0,0,0,0
Liquid,6r922bx,19,5,Mohaca,0,0,0,0,0,0,0,0,0,0,0,0,0,0,0,0,0,0,0,0,0,0,0,0,0
Liquid,6r922bx,19,6,Lojak,10985432,1205989,6088640,507709,450979,0,744702,604966,599295,0,0,0,0,783148,0,0,0,0,0,0,0,0,0,0,0
Hts,87ee6rw,22,0,Sterl,8950026,0,0,0,0,0,0,0,0,0,7249317,0,0,0,0,1700708,0,0,0,0,0,0,0,0,0
Hts,87ee6rw,22,1,Lojak,9398021,0,0,0,0,0,0,0,0,0,4089527,0,0,0,0,5308494,0,0,0,0,0,0,0,0,0
Hts,87ee6rw,22,2,Lojak,0,0,0,0,0,0,0,0,0,0,0,0,0,0,0,0,0,0,0,0,0,0,0,0,0
Hts,87ee6rw,22,3,Mohaca,16655537,212567,4631,234116,191395,219909,223529,4001285,400353,0,0,0,0,0,0,5734172,5433576,0,0,0,0,0,0,0,0
Hts,87ee6rw,22,4,Mohaca,0,0,0,0,0,0,0,0,0,0,0,0,0,0,0,0,0,0,0,0,0,0,0,0,0
Hts,87ee6rw,22,5,Mohaca,17062867,192056,0,5710099,180147,231191,210195,156613,214127,0,0,2403722,3153312,0,863310,3748090,0,0,0,0,0,0,0,0,0
Hts,87ee6rw,22,6,Lojak,0,0,0,0,0,0,0,0,0,0,0,0,0,0,0,0,0,0,0,0,0,0,0,0,0
Doroshi,qq52rrr,24,0,Sterl,0,0,0,0,0,0,0,0,0,0,0,0,0,0,0,0,0,0,0,0,0,0,0,0,0
Doroshi,qq52rrr,24,1,Lojak,16653400,323162,11726520,304097,43284,333881,0,875770,33984,294930,2096012,241011,0,349824,30917,0,0,0,0,0,0,0,0,0,0
Doroshi,qq52rrr,24,2,Lojak,0,0,0,0,0,0,0,0,0,0,0,0,0,0,0,0,0,0,0,0,0,0,0,0,0
Doroshi,qq52rrr,24,3,Mohaca,8710001,1574679,58256,35278,2186209,59880,897610,42241,3855845,0,0,0,0,0,0,0,0,0,0,0,0,0,0,0,0
Doroshi,qq52rrr,24,4,Mohaca,8439046,1638459,72631,73342,623270,47100,600880,1984272,3399089,0,0,0,0,0,0,0,0,0,0,0,0,0,0,0,0
Doroshi,qq52rrr,24,5,Mohaca,9358571,1642670,39456,0,614780,0,666889,2115927,3555328,0,0,41081,0,54542,0,627894,0,0,0,0,0,0,0,0,0
Doroshi,qq52rrr,24,6,Lojak,7691329,340194,5130193,371392,0,348324,1978,1386025,113219,0,0,0,0,0,0,0,0,0,0,0,0,0,0,0,0
断吴恒,d234wb5,20,0,Sterl,9448800,0,4439453,0,0,0,0,0,0,0,0,3255980,0,1752836,0,0,0,0,0,531,0,0,0,0,0
断吴恒,d234wb5,20,1,Lojak,0,0,0,0,0,0,0,0,0,0,0,0,0,0,0,0,0,0,0,0,0,0,0,0,0
断吴恒,d234wb5,20,2,Lojak,10034969,2080187,546799,0,0,0,0,521660,0,0,1569619,418142,0,152606,0,3613835,1130703,0,0,371,0,1041,0,0,0
断吴恒,d234wb5,20,3,Mohaca,0,0,0,0,0,0,0,0,0,0,0,0,0,0,0,0,0,0,0,0,0,0,0,0,0
断吴恒,d234wb5,20,4,Mohaca,21184241,2794199,37984,4492047,160478,2320092,321001,120414,287266,2617048,0,199862,4586951,348700,2226307,284931,386953,0,0,0,0,0,0,0,0
断吴恒,d234wb5,20,5,Mohaca,0,0,0,0,0,0,0,0,0,0,0,0,0,0,0,0,0,0,0,0,0,0,0,0,0
断吴恒,d234wb5,20,6,Lojak,9720608,0,0,0,0,0,0,0,0,2124327,5839531,0,0,0,1754804,0,0,0,0,0,0,0,1945,0,0
大风车吱呀吱,qq3k69r,28,0,Sterl,6762293,0,5520873,442562,202,172141,365870,113949,146694,0,0,0,0,0,0,0,0,0,0,0,0,0,0,0,0
大风车吱呀吱,qq3k69r,28,1,Lojak,7073270,0,0,0,0,0,0,0,0,369368,5900351,0,0,0,0,396325,407224,0,0,0,0,0,0,0,0
大风车吱呀吱,qq3k69r,28,2,Lojak,6532148,0,0,0,0,0,0,0,0,1060259,5471888,0,0,0,0,0,0,0,0,0,0,0,0,0,0
大风车吱呀吱,qq3k69r,28,3,Mohaca,7171052,0,202,0,0,0,0,0,0,4198309,0,332439,129132,166928,378191,215099,1750749,0,0,0,0,0,0,0,0
大风车吱呀吱,qq3k69r,28,4,Mohaca,7243976,0,0,0,0,0,1707597,0,0,4341306,0,259000,169191,205593,0,258173,303112,0,0,0,0,0,0,0,0
大风车吱呀吱,qq3k69r,28,5,Mohaca,7384604,0,0,0,0,0,0,0,0,4510702,0,161217,122699,251043,268492,289768,1780680,0,0,0,0,0,0,0,0
大风车吱呀吱,qq3k69r,28,6,Lojak,6510733,0,0,0,0,0,0,0,0,0,6510733,0,0,0,0,0,0,0,0,0,0,0,0,0,0
幽冥道,3nw4q8n,20,0,Sterl,8359892,0,0,0,2016120,0,0,0,0,0,6343714,0,0,0,0,0,0,0,0,0,0,0,0,0,57
幽冥道,3nw4q8n,20,1,Lojak,0,0,0,0,0,0,0,0,0,0,0,0,0,0,0,0,0,0,0,0,0,0,0,0,0
幽冥道,3nw4q8n,20,2,Lojak,7663619,0,1992632,555567,2495837,206538,1143913,0,1269129,0,0,0,0,0,0,0,0,0,0,0,0,0,0,0,0
幽冥道,3nw4q8n,20,3,Mohaca,11208373,0,2320515,0,0,0,0,2184800,0,0,0,0,0,0,0,0,6703057,0,0,0,0,0,0,0,0
幽冥道,3nw4q8n,20,4,Mohaca,10821724,0,3243116,2792006,0,1860749,0,20407,1506110,0,0,0,0,0,0,1399334,0,0,0,0,0,0,0,0,0
幽冥道,3nw4q8n,20,5,Mohaca,7904037,0,2677894,1219789,0,987232,0,2186996,832123,0,0,0,0,0,0,0,0,0,0,0,0,0,0,0,0
幽冥道,3nw4q8n,20,6,Lojak,0,0,0,0,0,0,0,0,0,0,0,0,0,0,0,0,0,0,0,0,0,0,0,0,0
JZXJ,x67y9yq,20,0,Sterl,0,0,0,0,0,0,0,0,0,0,0,0,0,0,0,0,0,0,0,0,0,0,0,0,0
JZXJ,x67y9yq,20,1,Lojak,9589457,5332959,2024625,469736,0,1762136,0,0,0,0,0,0,0,0,0,0,0,0,0,0,0,0,0,0,0
JZXJ,x67y9yq,20,2,Lojak,9294644,5212490,2075112,0,0,0,0,0,0,0,0,1013742,0,993298,0,0,0,0,0,0,0,0,0,0,0
JZXJ,x67y9yq,20,3,Mohaca,3940358,0,523,0,0,0,0,0,0,0,0,0,210616,0,0,3224699,502391,0,0,0,1493,0,634,0,0
JZXJ,x67y9yq,20,4,Mohaca,4218595,3104743,0,132259,0,3923,0,155181,0,0,0,822486,0,0,0,0,0,0,0,0,0,0,0,0,0
JZXJ,x67y9yq,20,5,Mohaca,0,0,0,0,0,0,0,0,0,0,0,0,0,0,0,0,0,0,0,0,0,0,0,0,0
JZXJ,x67y9yq,20,6,Lojak,18671572,5329296,2031119,3939,0,0,0,0,0,2247739,6587919,0,0,2469683,0,0,0,1874,0,0,0,0,0,0,0
劍來,3239p74,24,0,Sterl,4239108,0,0,0,0,0,0,277208,0,0,3247880,0,0,0,523063,0,190954,0,0,0,0,0,0,0,0
劍來,3239p74,24,1,Lojak,7367499,295452,391065,457315,414,0,0,381070,109619,1163370,0,0,0,4569087,0,0,0,0,0,0,0,0,103,0,0
劍來,3239p74,24,2,Lojak,6449461,0,541245,57729,0,0,0,346538,0,0,0,0,0,5026807,392429,0,84710,0,0,0,0,0,0,0,0
劍來,3239p74,24,3,Mohaca,7607083,0,1035,0,0,0,0,0,0,0,0,539707,0,4355903,1750,2237881,470806,0,0,0,0,0,0,0,0
劍來,3239p74,24,4,Mohaca,0,0,0,0,0,0,0,0,0,0,0,0,0,0,0,0,0,0,0,0,0,0,0,0,0
劍來,3239p74,24,5,Mohaca,4907738,0,26123,0,251735,0,266098,2601945,138350,453411,0,214427,0,192685,0,750937,12023,0,0,0,0,0,0,0,0
劍來,3239p74,24,6,Lojak,14639785,0,1218062,484393,0,0,459083,3618900,151083,1427471,726904,28970,0,1371015,104220,1880481,3167580,0,0,0,0,1617,0,0,0
Angela,ny32m8q,20,0,Sterl,2682607,3428,0,0,0,0,0,0,0,0,2678869,0,0,0,0,0,0,0,309,0,0,0,0,0,0
Angela,ny32m8q,20,1,Lojak,6593755,2032602,13400,0,8541,0,4539210,0,0,0,0,0,0,0,0,0,0,0,0,0,0,0,0,0,0
Angela,ny32m8q,20,2,Lojak,9166568,1916533,2821515,0,0,0,0,0,4428518,0,0,0,0,0,0,0,0,0,0,0,0,0,0,0,0
Angela,ny32m8q,20,3,Mohaca,8881952,4159096,53856,0,132705,0,4380152,0,0,0,0,0,0,0,0,69948,86192,0,0,0,0,0,0,0,0
Angela,ny32m8q,20,4,Mohaca,8885936,4092852,200740,0,4592343,0,0,0,0,0,0,0,0,0,0,0,0,0,0,0,0,0,0,0,0
Angela,ny32m8q,20,5,Mohaca,8713198,4025183,5311,0,4532520,0,0,0,0,0,0,80234,0,69948,0,0,0,0,0,0,0,0,0,0,0
Angela,ny32m8q,20,6,Lojak,0,0,0,0,0,0,0,0,0,0,0,0,0,0,0,0,0,0,0,0,0,0,0,0,0
书生Academy,65eqmym,28,0,Sterl,2198285,0,0,0,0,0,0,0,0,0,2198285,0,0,0,0,0,0,0,0,0,0,0,0,0,0
书生Academy,65eqmym,28,1,Lojak,3835879,1169919,1378,0,0,0,191,0,2664389,0,0,0,0,0,0,0,0,0,0,0,0,0,0,0,0
书生Academy,65eqmym,28,2,Lojak,6069328,0,1075981,0,0,0,191,5345,3855506,0,0,0,0,0,0,0,1132302,0,0,0,0,0,0,0,0
书生Academy,65eqmym,28,3,Mohaca,6145706,1217730,0,0,0,0,0,973091,3954884,0,0,0,0,0,0,0,0,0,0,0,0,0,0,0,0
书生Academy,65eqmym,28,4,Mohaca,6331966,0,602,0,0,508,0,2581922,1472401,1215354,0,1061177,0,0,0,0,0,0,0,0,0,0,0,0,0
书生Academy,65eqmym,28,5,Mohaca,5901710,1190567,602,0,0,0,21168,191,3622429,0,0,0,0,1066751,0,0,0,0,0,0,0,0,0,0,0
书生Academy,65eqmym,28,6,Lojak,12467949,0,0,191,0,0,0,171862,631783,3831568,2112366,1114274,0,0,0,3289877,1316024,0,0,0,0,0,0,0,0
剑指苍穹,d55nkr9,28,0,Sterl,5802028,189,238495,167784,0,201416,560613,1251103,216265,0,0,0,0,1376556,1789603,0,0,0,0,0,0,0,0,0,0
剑指苍穹,d55nkr9,28,1,Lojak,0,0,0,0,0,0,0,0,0,0,0,0,0,0,0,0,0,0,0,0,0,0,0,0,0
剑指苍穹,d55nkr9,28,2,Lojak,12052482,316623,351015,340213,363775,2003135,4884091,1465223,190511,0,0,0,0,1601192,264613,0,272085,0,0,0,0,0,0,0,0
剑指苍穹,d55nkr9,28,3,Mohaca,6288354,2488774,15260,275360,200508,1280136,162438,0,0,0,0,0,0,0,1162147,322349,381379,0,0,0,0,0,0,0,0
剑指苍穹,d55nkr9,28,4,Mohaca,6317207,0,0,0,1255292,0,206565,0,211560,2762682,0,244078,0,219400,0,1417627,0,0,0,0,0,0,0,0,0
剑指苍穹,d55nkr9,28,5,Mohaca,0,0,0,0,0,0,0,0,0,0,0,0,0,0,0,0,0,0,0,0,0,0,0,0,0
剑指苍穹,d55nkr9,28,6,Lojak,12225474,2538145,159610,191433,294706,0,184728,1277187,1024438,2563489,269574,240798,0,1531751,229421,325779,1394409,0,0,0,0,0,0,0,0
杀伐,pgrbxby,24,0,Sterl,6459009,0,0,0,0,0,0,219293,0,0,5829781,0,0,0,0,0,409934,0,0,0,0,0,0,0,0
杀伐,pgrbxby,24,1,Lojak,6701593,386339,5561475,431803,23730,199357,0,15328,27834,0,0,0,0,0,55724,0,0,0,0,0,0,0,0,0,0
杀伐,pgrbxby,24,2,Lojak,6339478,0,0,0,0,0,0,0,0,0,6339432,0,0,0,0,0,0,45,0,0,0,0,0,0,0
杀伐,pgrbxby,24,3,Mohaca,6997447,0,7292,0,0,0,0,0,0,2968611,0,1026236,580956,623628,213324,1577397,0,0,0,0,0,0,0,0,0
杀伐,pgrbxby,24,4,Mohaca,0,0,0,0,0,0,0,0,0,0,0,0,0,0,0,0,0,0,0,0,0,0,0,0,0
杀伐,pgrbxby,24,5,Mohaca,6952367,5930114,44283,0,425878,107317,294430,32007,24986,0,0,93350,0,0,0,0,0,0,0,0,0,0,0,0,0
杀伐,pgrbxby,24,6,Lojak,6489946,348155,323938,366731,4723879,0,696949,11055,19237,0,0,0,0,0,0,0,0,0,0,0,0,0,0,0,0
十六夜,e4w4gp8,20,0,Sterl,6871789,0,0,0,0,0,0,0,0,0,4000798,2870991,0,0,0,0,0,0,0,0,0,0,0,0,0
十六夜,e4w4gp8,20,1,Lojak,0,0,0,0,0,0,0,0,0,0,0,0,0,0,0,0,0,0,0,0,0,0,0,0,0
十六夜,e4w4gp8,20,2,Lojak,7447206,3200512,135293,365007,43508,134445,2140145,974496,0,0,0,0,0,0,49087,0,404708,0,0,0,0,0,0,0,0
十六夜,e4w4gp8,20,3,Mohaca,8478782,3435597,4058,510912,173956,1643686,276279,1787076,0,0,0,0,0,0,0,412220,234994,0,0,0,0,0,0,0,0
十六夜,e4w4gp8,20,4,Mohaca,8230033,3656345,86233,239324,240601,1780592,1880469,164154,182311,0,0,0,0,0,0,0,0,0,0,0,0,0,0,0,0
十六夜,e4w4gp8,20,5,Mohaca,0,0,0,0,0,0,0,0,0,0,0,0,0,0,0,0,0,0,0,0,0,0,0,0,0
十六夜,e4w4gp8,20,6,Lojak,7793766,3291197,293422,249419,4189,3220849,165586,338193,230909,0,0,0,0,0,0,0,0,0,0,0,0,0,0,0,0
风归,pmy9pbd,15,0,Sterl,5517897,70281,0,0,130297,0,0,55511,0,0,2492918,0,0,0,89834,0,2679054,0,0,0,0,0,0,0,0
风归,pmy9pbd,15,1,Lojak,3431652,0,0,0,0,0,0,0,3431652,0,0,0,0,0,0,0,0,0,0,0,0,0,0,0,0
风归,pmy9pbd,15,2,Lojak,4391260,0,0,0,0,0,0,0,0,2297032,2094227,0,0,0,0,0,0,0,0,0,0,0,0,0,0
风归,pmy9pbd,15,3,Mohaca,0,0,0,0,0,0,0,0,0,0,0,0,0,0,0,0,0,0,0,0,0,0,0,0,0
风归,pmy9pbd,15,4,Mohaca,9740606,6071252,69205,196983,821740,1946187,501132,78900,55203,0,0,0,0,0,0,0,0,0,0,0,0,0,0,0,0
风归,pmy9pbd,15,5,Mohaca,10020435,0,33660,0,74052,0,98019,0,0,6342657,0,2298100,0,1070809,0,76207,26928,0,0,0,0,0,0,0,0
风归,pmy9pbd,15,6,Lojak,4004721,4004721,0,0,0,0,0,0,0,0,0,0,0,0,0,0,0,0,0,0,0,0,0,0,0
老板,md4enrk,24,0,Sterl,5524148,163597,2141810,96611,246348,0,120861,273139,79471,0,0,2312619,0,89688,0,0,0,0,0,0,0,0,0,0,0
老板,md4enrk,24,1,Lojak,6008734,2346113,1513652,95359,268321,116290,0,1464721,98807,0,0,0,0,0,105466,0,0,0,0,0,0,0,0,0,0
老板,md4enrk,24,2,Lojak,6192293,184656,2650533,0,194674,0,0,188728,0,0,0,204766,0,123818,143422,0,2501693,0,0,0,0,0,0,0,0
老板,md4enrk,24,3,Mohaca,5909623,226115,285008,74113,133505,115706,0,0,0,2097362,0,0,0,0,208232,2642982,126597,0,0,0,0,0,0,0,0
老板,md4enrk,24,4,Mohaca,6053259,0,276965,0,0,0,0,0,0,2505764,0,2527828,231723,66167,194273,153653,96882,0,0,0,0,0,0,0,0
老板,md4enrk,24,5,Mohaca,6097662,0,325005,0,0,0,0,0,0,153582,0,179270,2348356,194313,177845,1529226,1190061,0,0,0,0,0,0,0,0
老板,md4enrk,24,6,Lojak,0,0,0,0,0,0,0,0,0,0,0,0,0,0,0,0,0,0,0,0,0,0,0,0,0
王洋,459k745,17,0,Sterl,5364714,1761,0,0,0,0,0,0,0,0,5362953,0,0,0,0,0,0,0,0,0,0,0,0,0,0
王洋,459k745,17,1,Lojak,0,0,0,0,0,0,0,0,0,0,0,0,0,0,0,0,0,0,0,0,0,0,0,0,0
王洋,459k745,17,2,Lojak,7032809,0,0,0,0,0,0,0,0,4395525,2637284,0,0,0,0,0,0,0,0,0,0,0,0,0,0
王洋,459k745,17,3,Mohaca,4977560,0,12148,0,0,0,0,0,0,2747086,0,373936,1197690,301628,1808,328715,14545,0,0,0,0,0,0,0,0
王洋,459k745,17,4,Mohaca,0,0,0,0,0,0,0,0,0,0,0,0,0,0,0,0,0,0,0,0,0,0,0,0,0
王洋,459k745,17,5,Mohaca,4813451,0,0,0,0,0,0,0,0,0,0,4813451,0,0,0,0,0,0,0,0,0,0,0,0,0
王洋,459k745,17,6,Lojak,5978435,2395269,0,198029,0,0,231960,176065,131721,598462,2246926,0,0,0,0,0,0,0,0,0,0,0,0,0,0
玖念,rgyn7nx,23,0,Sterl,2777102,436,0,0,0,0,0,0,0,0,2776665,0,0,0,0,0,0,0,0,0,0,0,0,0,0
玖念,rgyn7nx,23,1,Lojak,1840858,0,305765,429,0,132070,0,282731,176893,0,0,0,0,0,942969,0,0,0,0,0,0,0,0,0,0
玖念,rgyn7nx,23,2,Lojak,9900469,1704749,5368811,221213,0,122170,0,507924,0,138317,0,0,0,0,905167,0,932115,0,0,0,0,0,0,0,0
玖念,rgyn7nx,23,3,Mohaca,0,0,0,0,0,0,0,0,0,0,0,0,0,0,0,0,0,0,0,0,0,0,0,0,0
玖念,rgyn7nx,23,4,Mohaca,4807966,0,381616,0,0,4304,605,242370,214987,3001039,0,963042,0,0,0,0,0,0,0,0,0,0,0,0,0
玖念,rgyn7nx,23,5,Mohaca,5148944,0,2341935,0,858,0,246788,148714,141903,1266020,0,1002722,0,0,0,0,0,0,0,0,0,0,0,0,0
玖念,rgyn7nx,23,6,Lojak,3596015,0,0,0,0,0,290165,334592,211252,1218184,1541820,0,0,0,0,0,0,0,0,0,0,0,0,0,0
红薯就是我的命,de99k4r,12,0,Sterl,9013408,0,0,0,0,0,0,1666781,0,0,5332913,0,0,0,0,0,2009275,0,0,25,0,684,3727,0,0
红薯就是我的命,de99k4r,12,1,Lojak,0,0,0,0,0,0,0,0,0,0,0,0,0,0,0,0,0,0,0,0,0,0,0,0,0
红薯就是我的命,de99k4r,12,2,Lojak,0,0,0,0,0,0,0,0,0,0,0,0,0,0,0,0,0,0,0,0,0,0,0,0,0
红薯就是我的命,de99k4r,12,3,Mohaca,9287879,4979947,82399,0,257,0,0,0,0,0,0,0,0,0,4225274,0,0,0,0,0,0,0,0,0,0
红薯就是我的命,de99k4r,12,4,Mohaca,0,0,0,0,0,0,0,0,0,0,0,0,0,0,0,0,0,0,0,0,0,0,0,0,0
红薯就是我的命,de99k4r,12,5,Mohaca,0,0,0,0,0,0,0,0,0,0,0,0,0,0,0,0,0,0,0,0,0,0,0,0,0
红薯就是我的命,de99k4r,12,6,Lojak,8635107,0,4760967,135399,0,3738740,0,0,0,0,0,0,0,0,0,0,0,0,0,0,0,0,0,0,0
冲冲冲,qk53q63,12,0,Sterl,7981458,0,0,0,0,0,0,0,0,0,1589257,0,0,0,3206327,0,3185797,0,0,0,0,0,75,0,0
冲冲冲,qk53q63,12,1,Lojak,0,0,0,0,0,0,0,0,0,0,0,0,0,0,0,0,0,0,0,0,0,0,0,0,0
冲冲冲,qk53q63,12,2,Lojak,8579296,3355130,233825,487181,0,642883,656922,659752,2543600,0,0,0,0,0,0,0,0,0,0,0,0,0,0,0,0
冲冲冲,qk53q63,12,3,Mohaca,0,0,0,0,0,0,0,0,0,0,0,0,0,0,0,0,0,0,0,0,0,0,0,0,0
冲冲冲,qk53q63,12,4,Mohaca,0,0,0,0,0,0,0,0,0,0,0,0,0,0,0,0,0,0,0,0,0,0,0,0,0
冲冲冲,qk53q63,12,5,Mohaca,8331573,3339870,3229,508862,555796,493046,579633,2325920,525214,0,0,0,0,0,0,0,0,0,0,0,0,0,0,0,0
冲冲冲,qk53q63,12,6,Lojak,0,0,0,0,0,0,0,0,0,0,0,0,0,0,0,0,0,0,0,0,0,0,0,0,0
泰罗奥特曼,72qkpqp,24,0,Sterl,3522626,0,128368,0,0,0,0,688338,180987,0,1351027,132161,0,111013,930730,0,0,0,0,0,0,0,0,0,0
泰罗奥特曼,72qkpqp,24,1,Lojak,3734614,0,206187,0,0,0,0,753149,145503,191364,1439923,850455,0,148030,0,0,0,0,0,0,0,0,0,0,0
泰罗奥特曼,72qkpqp,24,2,Lojak,3810231,0,0,0,0,0,0,0,0,168217,1564442,0,0,0,0,1746331,331223,0,0,18,0,0,0,0,0
泰罗奥特曼,72qkpqp,24,3,Mohaca,3052115,0,0,0,0,0,0,0,0,0,0,0,711732,0,0,935291,1405091,0,0,0,0,0,0,0,0
泰罗奥特曼,72qkpqp,24,4,Mohaca,2531409,181755,14599,0,135619,130716,124979,113397,113301,0,0,390147,471657,1224,0,0,853505,182,0,0,323,0,0,0,0
泰罗奥特曼,72qkpqp,24,5,Mohaca,6453232,1704917,20538,206330,88794,153271,97030,74820,127114,1608448,0,115733,104321,118114,190733,1014647,828416,0,0,0,0,0,0,0,0
泰罗奥特曼,72qkpqp,24,6,Lojak,0,0,0,0,0,0,0,0,0,0,0,0,0,0,0,0,0,0,0,0,0,0,0,0,0
︺﹏︺,p5k6p4k,24,0,Sterl,4099265,0,1843040,0,0,0,0,190106,1508758,0,0,222218,0,150447,184694,0,0,0,0,0,0,0,0,0,0
︺﹏︺,p5k6p4k,24,1,Lojak,3902790,0,238061,0,0,0,0,1453238,851143,256078,717040,204191,0,183037,0,0,0,0,0,0,0,0,0,0,0
︺﹏︺,p5k6p4k,24,2,Lojak,4222607,1657997,957148,437756,0,393699,0,354723,0,0,0,0,0,0,186598,0,234684,0,0,0,0,0,0,0,0
︺﹏︺,p5k6p4k,24,3,Mohaca,3933843,0,185571,0,0,0,0,0,0,0,0,817020,2389171,271904,57869,99122,112782,229,0,0,0,0,170,0,0
︺﹏︺,p5k6p4k,24,4,Mohaca,0,0,0,0,0,0,0,0,0,0,0,0,0,0,0,0,0,0,0,0,0,0,0,0,0
︺﹏︺,p5k6p4k,24,5,Mohaca,5827840,123996,347970,0,242019,0,124735,207990,2577927,0,0,223120,0,184426,0,1505900,288925,35,0,17,0,0,776,0,0
︺﹏︺,p5k6p4k,24,6,Lojak,609569,0,0,0,0,0,0,604828,4741,0,0,0,0,0,0,0,0,0,0,0,0,0,0,0,0
Sam,5r33qw5,11,0,Sterl,3272403,0,0,0,0,0,0,0,0,0,3272403,0,0,0,0,0,0,0,0,0,0,0,0,0,0
Sam,5r33qw5,11,1,Lojak,0,0,0,0,0,0,0,0,0,0,0,0,0,0,0,0,0,0,0,0,0,0,0,0,0
Sam,5r33qw5,11,2,Lojak,5876055,0,0,0,0,0,0,0,0,0,5875560,0,0,0,0,0,0,322,0,173,0,0,0,0,0
Sam,5r33qw5,11,3,Mohaca,1414953,0,220313,0,0,0,0,1194640,0,0,0,0,0,0,0,0,0,0,0,0,0,0,0,0,0
Sam,5r33qw5,11,4,Mohaca,5072246,0,0,0,0,0,0,0,0,0,0,4208546,0,861191,0,1914,0,594,0,0,0,0,0,0,0
Sam,5r33qw5,11,5,Mohaca,0,0,0,0,0,0,0,0,0,0,0,0,0,0,0,0,0,0,0,0,0,0,0,0,0
Sam,5r33qw5,11,6,Lojak,6390388,0,6390388,0,0,0,0,0,0,0,0,0,0,0,0,0,0,0,0,0,0,0,0,0,0
简云,5r3rb43,13,0,Sterl,0,0,0,0,0,0,0,0,0,0,0,0,0,0,0,0,0,0,0,0,0,0,0,0,0
简云,5r3rb43,13,1,Lojak,6581706,136548,5343143,236906,15089,168392,296303,229738,155585,0,0,0,0,0,0,0,0,0,0,0,0,0,0,0,0
简云,5r3rb43,13,2,Lojak,0,0,0,0,0,0,0,0,0,0,0,0,0,0,0,0,0,0,0,0,0,0,0,0,0
简云,5r3rb43,13,3,Mohaca,8390523,1434429,15784,3607240,199015,183151,138248,180511,0,0,0,0,0,2519002,0,0,113139,0,0,0,0,0,0,0,0
简云,5r3rb43,13,4,Mohaca,0,0,0,0,0,0,0,0,0,0,0,0,0,0,0,0,0,0,0,0,0,0,0,0,0
简云,5r3rb43,13,5,Mohaca,6805271,1392168,215624,2758125,227157,113563,112891,1751279,234462,0,0,0,0,0,0,0,0,0,0,0,0,0,0,0,0
简云,5r3rb43,13,6,Lojak,0,0,0,0,0,0,0,0,0,0,0,0,0,0,0,0,0,0,0,0,0,0,0,0,0
胖子小男孩,d2w2qe2,12,0,Sterl,5852154,526,0,0,643332,0,0,0,0,0,4362565,0,0,0,0,844288,0,0,0,0,0,729,277,435,0
胖子小男孩,d2w2qe2,12,1,Lojak,0,0,0,0,0,0,0,0,0,0,0,0,0,0,0,0,0,0,0,0,0,0,0,0,0
胖子小男孩,d2w2qe2,12,2,Lojak,0,0,0,0,0,0,0,0,0,0,0,0,0,0,0,0,0,0,0,0,0,0,0,0,0
胖子小男孩,d2w2qe2,12,3,Mohaca,6727816,2221145,1483383,0,0,44007,0,1352727,0,0,0,0,0,0,0,0,1626552,0,0,0,0,0,0,0,0
胖子小男孩,d2w2qe2,12,4,Mohaca,0,0,0,0,0,0,0,0,0,0,0,0,0,0,0,0,0,0,0,0,0,0,0,0,0
胖子小男孩,d2w2qe2,12,5,Mohaca,6482552,2130564,1387925,0,1313333,0,11974,0,0,1634594,0,0,0,0,4161,0,0,0,0,0,0,0,0,0,0
胖子小男孩,d2w2qe2,12,6,Lojak,0,0,0,0,0,0,0,0,0,0,0,0,0,0,0,0,0,0,0,0,0,0,0,0,0
星心,5kmw2m5,11,0,Sterl,4603839,0,0,0,0,0,0,239563,0,0,1476956,0,0,0,0,1950782,936537,0,0,0,0,0,0,0,0
星心,5kmw2m5,11,1,Lojak,0,0,0,0,0,0,0,0,0,0,0,0,0,0,0,0,0,0,0,0,0,0,0,0,0
星心,5kmw2m5,11,2,Lojak,0,0,0,0,0,0,0,0,0,0,0,0,0,0,0,0,0,0,0,0,0,0,0,0,0
星心,5kmw2m5,11,3,Mohaca,3771350,0,48099,0,0,0,0,0,0,0,0,0,351528,0,0,2196614,1173662,75,0,0,0,0,1369,0,0
星心,5kmw2m5,11,4,Mohaca,0,0,0,0,0,0,0,0,0,0,0,0,0,0,0,0,0,0,0,0,0,0,0,0,0
星心,5kmw2m5,11,5,Mohaca,4134653,0,21266,0,247706,0,0,0,0,250281,0,127781,776620,2252220,179091,149455,130229,0,0,0,0,0,0,0,0
星心,5kmw2m5,11,6,Lojak,0,0,0,0,0,0,0,0,0,0,0,0,0,0,0,0,0,0,0,0,0,0,0,0,0
阿爸阿爸阿爸阿爸,y66xd7n,4,0,Sterl,0,0,0,0,0,0,0,0,0,0,0,0,0,0,0,0,0,0,0,0,0,0,0,0,0
阿爸阿爸阿爸阿爸,y66xd7n,4,1,Lojak,0,0,0,0,0,0,0,0,0,0,0,0,0,0,0,0,0,0,0,0,0,0,0,0,0
阿爸阿爸阿爸阿爸,y66xd7n,4,2,Lojak,6671270,0,0,0,0,0,0,0,0,6243233,425441,0,0,0,0,0,0,2596,0,0,0,0,0,0,0
阿爸阿爸阿爸阿爸,y66xd7n,4,3,Mohaca,1214541,0,0,0,0,1214541,0,0,0,0,0,0,0,0,0,0,0,0,0,0,0,0,0,0,0
阿爸阿爸阿爸阿爸,y66xd7n,4,4,Mohaca,0,0,0,0,0,0,0,0,0,0,0,0,0,0,0,0,0,0,0,0,0,0,0,0,0
阿爸阿爸阿爸阿爸,y66xd7n,4,5,Mohaca,0,0,0,0,0,0,0,0,0,0,0,0,0,0,0,0,0,0,0,0,0,0,0,0,0
阿爸阿爸阿爸阿爸,y66xd7n,4,6,Lojak,0,0,0,0,0,0,0,0,0,0,0,0,0,0,0,0,0,0,0,0,0,0,0,0,0